[
    {
        "link": "https://youtube.com/channel/UC-SrCCzkGq0wmSAuRs7EBFg",
        "description": "Archaeology educator, environmental scientist, author, Googledebunker.\nUMaine 2022\n2.5M YouTube\n2M TikTok",
        "author": null,
        "album": null,
        "bookmarked": true,
        "date_dead_since": null,
        "date_published": "2021-07-19T03:45:09",
        "language": null,
        "manual_status_code": 0,
        "page_rating": 36,
        "page_rating_contents": 90,
        "page_rating_votes": 7,
        "page_rating_visits": 2,
        "permanent": false,
        "source_url": "",
        "status_code": 200,
        "thumbnail": "https://yt3.googleusercontent.com/rNeseKsKPMwKGfXWylkbzCB9MEmwlWOdxxhZMmG5Ru0TCD6hg_A_RaWoN9NwPWz4HkSXXkfJyg=s900-c-k-c0x00ffffff-no-rj",
        "title": "Miniminuteman",
        "age": null,
        "id": 1750120,
        "thumbs_up": null,
        "thumbs_down": null,
        "view_count": null,
        "rating": null,
        "upvote_ratio": null,
        "upvote_diff": null,
        "upvote_view_ratio": null,
        "stars": null,
        "followers_count": 2980000,
        "tags": [
            "archeology",
            "conspiracy theories"
        ]
    },
    {
        "link": "https://github.com/moltbot/moltbot",
        "description": "Your own personal AI assistant. Any OS. Any Platform. The lobster way. \ud83e\udd9e  - GitHub - moltbot/moltbot: Your own personal AI assistant. Any OS. Any Platform. The lobster way. \ud83e\udd9e",
        "author": null,
        "album": null,
        "bookmarked": true,
        "date_dead_since": null,
        "date_published": "2026-01-28T20:53:58.526043",
        "language": null,
        "manual_status_code": 0,
        "page_rating": 38,
        "page_rating_contents": 90,
        "page_rating_votes": 10,
        "page_rating_visits": 3,
        "permanent": false,
        "source_url": "",
        "status_code": 200,
        "thumbnail": "https://opengraph.githubassets.com/f70bb5c9d8c57944636072eb20be9c8a9e1769a760e0febbb42b7d16e3c0bcc5/moltbot/moltbot",
        "title": "GitHub - moltbot/moltbot: Your own personal AI assistant. Any OS. Any Platform. The lobster way. \ud83e\udd9e",
        "age": null,
        "id": 1750188,
        "thumbs_up": null,
        "thumbs_down": null,
        "view_count": null,
        "rating": null,
        "upvote_ratio": null,
        "upvote_diff": null,
        "upvote_view_ratio": null,
        "stars": 86859,
        "followers_count": null,
        "tags": [
            "artificial intelligence"
        ]
    },
    {
        "link": "https://youtube.com/channel/UCWcz2SQMCcijkVta0hSERIA",
        "description": "Jestem Rysiu. Gram w Google Mapy, ucz\u0119 si\u0119 rzeczy na pami\u0119\u0107, zadaj\u0119 pytania o grach i g\u0142aszcz\u0119 koty. Chyba tyle.\n\nSprz\u0119t: http://bit.ly/SprzetGrafa\nKontakt dla widz\u00f3w: IG @Graf_IRL",
        "author": null,
        "album": null,
        "bookmarked": true,
        "date_dead_since": null,
        "date_published": "2009-03-24T19:45:03",
        "language": null,
        "manual_status_code": 0,
        "page_rating": 29,
        "page_rating_contents": 90,
        "page_rating_votes": 1,
        "page_rating_visits": 2,
        "permanent": false,
        "source_url": "",
        "status_code": 200,
        "thumbnail": "https://yt3.googleusercontent.com/ytc/AIdro_nqf_CgCgUp539bavNp0cxu9wTbLxtyNxAqCbpw-wfyb2I=s900-c-k-c0x00ffffff-no-rj",
        "title": "Graf",
        "age": null,
        "id": 1750189,
        "thumbs_up": null,
        "thumbs_down": null,
        "view_count": null,
        "rating": null,
        "upvote_ratio": null,
        "upvote_diff": null,
        "upvote_view_ratio": null,
        "stars": null,
        "followers_count": 590000,
        "tags": []
    },
    {
        "link": "https://youtube.com/channel/UCBbwslBfi-VWt8adDqzo2VQ",
        "description": "Wyzyskuj\u0119 z gier co najlepsze! \ud83d\udc2c",
        "author": null,
        "album": null,
        "bookmarked": true,
        "date_dead_since": null,
        "date_published": "2020-02-23T20:43:23",
        "language": null,
        "manual_status_code": 0,
        "page_rating": 29,
        "page_rating_contents": 90,
        "page_rating_votes": 1,
        "page_rating_visits": 2,
        "permanent": false,
        "source_url": "",
        "status_code": 200,
        "thumbnail": "https://yt3.googleusercontent.com/v9RgyZ5h2Mj9tEhqVwIevGX_my4GuAQfNynuXDuO_tbYdr78AwLsTcHXUUDMtKs7JZu64M5JcaI=s900-c-k-c0x00ffffff-no-rj",
        "title": "Natan Zgorzyk",
        "age": null,
        "id": 1750190,
        "thumbs_up": null,
        "thumbs_down": null,
        "view_count": null,
        "rating": null,
        "upvote_ratio": null,
        "upvote_diff": null,
        "upvote_view_ratio": null,
        "stars": null,
        "followers_count": 161000,
        "tags": []
    },
    {
        "link": "https://youtube.com/channel/UCQvUwfWSuzKcGflbw5WUFCg",
        "description": "I give existential crises to people. Also studying atmospheric physics",
        "author": null,
        "album": null,
        "bookmarked": true,
        "date_dead_since": null,
        "date_published": "2020-02-24T05:13:58",
        "language": null,
        "manual_status_code": 0,
        "page_rating": 35,
        "page_rating_contents": 90,
        "page_rating_votes": 5,
        "page_rating_visits": 2,
        "permanent": false,
        "source_url": "",
        "status_code": 200,
        "thumbnail": "https://yt3.googleusercontent.com/ytc/AIdro_lLRh1eiOXeHyJuI7ZIgBBVH5GGgiLpluBICLuqzqfKbw=s900-c-k-c0x00ffffff-no-rj",
        "title": "Stargaze",
        "age": null,
        "id": 1750203,
        "thumbs_up": null,
        "thumbs_down": null,
        "view_count": null,
        "rating": null,
        "upvote_ratio": null,
        "upvote_diff": null,
        "upvote_view_ratio": null,
        "stars": null,
        "followers_count": 498000,
        "tags": [
            "cosmos",
            "space"
        ]
    },
    {
        "link": "https://youtube.com/channel/UCK-0srt5hdY5m6Zos_NlJZg",
        "description": "Our Universe, explained from quarks to quasars!\n\nFor collaboration and promotional inquiries, contact: TheSecretsoftheUniverse@lighthouseagents.com",
        "author": null,
        "album": null,
        "bookmarked": true,
        "date_dead_since": null,
        "date_published": "2017-05-18T11:01:30",
        "language": null,
        "manual_status_code": 0,
        "page_rating": 38,
        "page_rating_contents": 90,
        "page_rating_votes": 10,
        "page_rating_visits": 2,
        "permanent": false,
        "source_url": "",
        "status_code": 200,
        "thumbnail": "https://yt3.googleusercontent.com/ytc/AIdro_lf8L_5akiff_igSdI-D85WTKeunSjQmNmnzgrUcgkJVrE=s900-c-k-c0x00ffffff-no-rj",
        "title": "The Secrets of the Universe",
        "age": null,
        "id": 1750204,
        "thumbs_up": null,
        "thumbs_down": null,
        "view_count": null,
        "rating": null,
        "upvote_ratio": null,
        "upvote_diff": null,
        "upvote_view_ratio": null,
        "stars": null,
        "followers_count": 1740000,
        "tags": [
            "cosmos",
            "space",
            "universe"
        ]
    },
    {
        "link": "https://youtube.com/channel/UCKWe3mXbIf4KtETT2mvUBdg",
        "description": "\"God and Science are two Parallel non-observable things\"\n\n                                     ~kp payra \n\nFollow me on : - Facebook, Insta ...\nSponsorship - scienceofinfinity86@gmail.com\nThank you \u2665\ufe0f",
        "author": null,
        "album": null,
        "bookmarked": true,
        "date_dead_since": null,
        "date_published": "2017-03-28T08:26:46",
        "language": null,
        "manual_status_code": 0,
        "page_rating": 34,
        "page_rating_contents": 90,
        "page_rating_votes": 3,
        "page_rating_visits": 2,
        "permanent": false,
        "source_url": "",
        "status_code": 200,
        "thumbnail": "https://yt3.googleusercontent.com/ytc/AIdro_mEbXZiAk9As9ui4mHykIviEqjBlYR3X05e6VnSmJFr_vM=s900-c-k-c0x00ffffff-no-rj",
        "title": "Science Of Infinity",
        "age": null,
        "id": 1750205,
        "thumbs_up": null,
        "thumbs_down": null,
        "view_count": null,
        "rating": null,
        "upvote_ratio": null,
        "upvote_diff": null,
        "upvote_view_ratio": null,
        "stars": null,
        "followers_count": 1090000,
        "tags": [
            "cosmos",
            "space",
            "universe"
        ]
    },
    {
        "link": "https://youtube.com/channel/UCTFgh6N-dBSnUEyzL4WJKnA",
        "description": "cool space videos",
        "author": null,
        "album": null,
        "bookmarked": true,
        "date_dead_since": null,
        "date_published": "2018-01-22T23:29:57",
        "language": null,
        "manual_status_code": 0,
        "page_rating": 35,
        "page_rating_contents": 90,
        "page_rating_votes": 5,
        "page_rating_visits": 2,
        "permanent": false,
        "source_url": "",
        "status_code": 200,
        "thumbnail": "https://yt3.googleusercontent.com/TsIc_bBORfoCXPKLP8PU-tiP7SbSPTWNm1S34XazQcgdcJhJVPUYAzjq10ViTAIuzkR5bPl1wgU=s900-c-k-c0x00ffffff-no-rj",
        "title": "Space Chip",
        "age": null,
        "id": 1750206,
        "thumbs_up": null,
        "thumbs_down": null,
        "view_count": null,
        "rating": null,
        "upvote_ratio": null,
        "upvote_diff": null,
        "upvote_view_ratio": null,
        "stars": null,
        "followers_count": 1100000,
        "tags": [
            "cosmos",
            "space",
            "universe"
        ]
    },
    {
        "link": "https://youtube.com/channel/UCXbCOOoXE09V6StOp0gbTFQ",
        "description": "I'm using paint to explain interesting things in a simple way. \n\n\ud83d\udcbcBusiness inquiries: simplepaint@socialsynergize.co\n\u2709\ufe0f Personal inquiries: simplepaint@outlook.com",
        "author": null,
        "album": null,
        "bookmarked": true,
        "date_dead_since": null,
        "date_published": "2017-12-24T08:36:39",
        "language": null,
        "manual_status_code": 0,
        "page_rating": 34,
        "page_rating_contents": 90,
        "page_rating_votes": 3,
        "page_rating_visits": 2,
        "permanent": false,
        "source_url": "",
        "status_code": 200,
        "thumbnail": "https://yt3.googleusercontent.com/E14s61rnuEZoBTsgIkcztEapZBF37DGVB-DxS98vaDaLhfivmqvlvUYcKTRkCBp8jOg2O884=s900-c-k-c0x00ffffff-no-rj",
        "title": "Simple Paint",
        "age": null,
        "id": 1750207,
        "thumbs_up": null,
        "thumbs_down": null,
        "view_count": null,
        "rating": null,
        "upvote_ratio": null,
        "upvote_diff": null,
        "upvote_view_ratio": null,
        "stars": null,
        "followers_count": 307000,
        "tags": [
            "explain"
        ]
    },
    {
        "link": "https://youtube.com/channel/UCxXlxVmarXu3n340ah5xwqA",
        "description": "I'd like to show you my passion for the vastness of space and the crazy science in our universe with the help of home built telescopes, humour and great editing\ud83d\ude01",
        "author": null,
        "album": null,
        "bookmarked": true,
        "date_dead_since": null,
        "date_published": "2017-04-30T16:15:25",
        "language": null,
        "manual_status_code": 0,
        "page_rating": 35,
        "page_rating_contents": 90,
        "page_rating_votes": 5,
        "page_rating_visits": 2,
        "permanent": false,
        "source_url": "",
        "status_code": 200,
        "thumbnail": "https://yt3.googleusercontent.com/ytc/AIdro_kijdonU4bfl4PAfBiAYHr3UOTRQpBGT_srWmk9bRG6Ug=s900-c-k-c0x00ffffff-no-rj",
        "title": "Astrobiscuit",
        "age": null,
        "id": 1750208,
        "thumbs_up": null,
        "thumbs_down": null,
        "view_count": null,
        "rating": null,
        "upvote_ratio": null,
        "upvote_diff": null,
        "upvote_view_ratio": null,
        "stars": null,
        "followers_count": 425000,
        "tags": [
            "astronomy",
            "cosmos",
            "space",
            "universe"
        ]
    },
    {
        "link": "https://youtube.com/channel/UC_sXrcURB-Dh4az_FveeQ0Q",
        "description": "This channel is dedicated to educational purposes for teaching, scholarship and research, particularly science and history. \n\nAll videos on this channel are organized to facilitate easy searches and research.\n\nEvery effort is made to provide the best quality videos available, usually restored & presented in 720p or higher HD resolution. \n\nInsightful and constructive comments encouraged. Panty-wad & pointless comments will be deleted. Trolls will be banned.\n\nHappy viewing!",
        "author": null,
        "album": null,
        "bookmarked": true,
        "date_dead_since": null,
        "date_published": "2013-12-26T03:21:36",
        "language": null,
        "manual_status_code": 0,
        "page_rating": 38,
        "page_rating_contents": 90,
        "page_rating_votes": 10,
        "page_rating_visits": 2,
        "permanent": false,
        "source_url": "",
        "status_code": 200,
        "thumbnail": "https://yt3.googleusercontent.com/ytc/AIdro_lWKKmKkE4G2BvQcswAoLFInvJ9aImCKcsC0OOcYiT6r7U=s900-c-k-c0x00ffffff-no-rj",
        "title": "DOCUMENTARY TUBE",
        "age": null,
        "id": 1750211,
        "thumbs_up": null,
        "thumbs_down": null,
        "view_count": null,
        "rating": null,
        "upvote_ratio": null,
        "upvote_diff": null,
        "upvote_view_ratio": null,
        "stars": null,
        "followers_count": 1660000,
        "tags": [
            "documentaries"
        ]
    },
    {
        "link": "https://youtube.com/channel/UCX_Pr8Pd1UBX5oG_HX--0nw",
        "description": "In this channel we show exciting data in exciting way. So stay connected. \n\nFor promotion or any other 3d related work contact us - globaldata35@gmail.com",
        "author": null,
        "album": null,
        "bookmarked": true,
        "date_dead_since": null,
        "date_published": "2022-06-21T12:54:28",
        "language": null,
        "manual_status_code": 0,
        "page_rating": 35,
        "page_rating_contents": 90,
        "page_rating_votes": 5,
        "page_rating_visits": 2,
        "permanent": false,
        "source_url": "",
        "status_code": 200,
        "thumbnail": "https://yt3.googleusercontent.com/7O-wq28KACLbjVx4fRS20yPBB1VXiBmeKtmBZL-nqh2B6bIDzT70TUB6iK2pg1_x1wOfhBWO=s900-c-k-c0x00ffffff-no-rj",
        "title": "Global Data",
        "age": null,
        "id": 1750212,
        "thumbs_up": null,
        "thumbs_down": null,
        "view_count": null,
        "rating": null,
        "upvote_ratio": null,
        "upvote_diff": null,
        "upvote_view_ratio": null,
        "stars": null,
        "followers_count": 718000,
        "tags": [
            "edutainment",
            "popsi"
        ]
    },
    {
        "link": "https://youtube.com/channel/UCarEovlrD9QY-fy-Z6apIDQ",
        "description": "Subscribe and stay tuned for the latest from Hasan Minhaj right here.  And don't worry -- you can still watch all episodes of Patriot Act with Hasan Minhaj on Netflix and find full episodes and digital exclusives including Deep Cuts at their new home on the Netflix is Joke channel (https://www.youtube.com/netflixisajoke).",
        "author": null,
        "album": null,
        "bookmarked": true,
        "date_dead_since": null,
        "date_published": "2018-10-19T22:11:43",
        "language": null,
        "manual_status_code": 0,
        "page_rating": 35,
        "page_rating_contents": 90,
        "page_rating_votes": 5,
        "page_rating_visits": 2,
        "permanent": false,
        "source_url": "",
        "status_code": 200,
        "thumbnail": "https://yt3.googleusercontent.com/ytc/AIdro_nKqoZ48YNFUsi8MvCfiPELs8zXfCCpz1oJ4PiTO1Aol-4=s900-c-k-c0x00ffffff-no-rj",
        "title": "Hasan Minhaj",
        "age": null,
        "id": 1750213,
        "thumbs_up": null,
        "thumbs_down": null,
        "view_count": null,
        "rating": null,
        "upvote_ratio": null,
        "upvote_diff": null,
        "upvote_view_ratio": null,
        "stars": null,
        "followers_count": 2110000,
        "tags": [
            "interviews",
            "podcast"
        ]
    },
    {
        "link": "https://youtube.com/channel/UCUtWNBWbFL9We-cdXkiAuJA",
        "description": "Build Your Dream. Do It Right. | America's most trusted home improvement brand.\n\nThisOldHouse.com // @ThisOldHouse\n\nThis Old House expert advice on home improvement, remodeling, upgrades, tools, and products.",
        "author": null,
        "album": null,
        "bookmarked": true,
        "date_dead_since": null,
        "date_published": "2006-06-08T06:11:18",
        "language": null,
        "manual_status_code": 0,
        "page_rating": 38,
        "page_rating_contents": 90,
        "page_rating_votes": 10,
        "page_rating_visits": 2,
        "permanent": false,
        "source_url": "",
        "status_code": 200,
        "thumbnail": "https://yt3.googleusercontent.com/ytc/AIdro_kDBQ0V95yWgzMgEJrfVbiGum4boXyUt0iIQdsg8MHND8M=s900-c-k-c0x00ffffff-no-rj",
        "title": "This Old House",
        "age": null,
        "id": 1750306,
        "thumbs_up": null,
        "thumbs_down": null,
        "view_count": null,
        "rating": null,
        "upvote_ratio": null,
        "upvote_diff": null,
        "upvote_view_ratio": null,
        "stars": null,
        "followers_count": 2280000,
        "tags": [
            "home",
            "home improvement",
            "home rennovation",
            "home repair",
            "house"
        ]
    },
    {
        "link": "https://youtube.com/channel/UCHJuQZuzapBh-CuhRYxIZrg",
        "description": "What you want to know. \n\nVisit our homepage for the top stories of the day: https://www.businessinsider.com\nInsider on Facebook: https://www.facebook.com/insider\nInsider on Instagram: https://www.instagram.com/insider\nInsider on Twitter: https://twitter.com/thisisinsider\nInsider on Snapchat: https://www.snapchat.com/discover/Insider/2708030621\nInsider on TikTok: https://www.tiktok.com/@insider\n\nIf you have a permissions or licensing request, please connect with our partners at PARS International who will be able to provide you with an accurate quote for the overall usage rights that you\u2019re interested in. A representative from PARS will contact you shortly after filling out this request form: https://www.parsintl.com/publications/insider/",
        "author": null,
        "album": null,
        "bookmarked": true,
        "date_dead_since": null,
        "date_published": "2015-09-25T21:37:39",
        "language": null,
        "manual_status_code": 0,
        "page_rating": 38,
        "page_rating_contents": 90,
        "page_rating_votes": 10,
        "page_rating_visits": 2,
        "permanent": false,
        "source_url": "",
        "status_code": 200,
        "thumbnail": "https://yt3.googleusercontent.com/ytc/AIdro_l5tZObYHzS68glmJHa8mTawjTNCHt8aRucAN8WOjOCBmU=s900-c-k-c0x00ffffff-no-rj",
        "title": "Insider",
        "age": null,
        "id": 1750356,
        "thumbs_up": null,
        "thumbs_down": null,
        "view_count": null,
        "rating": null,
        "upvote_ratio": null,
        "upvote_diff": null,
        "upvote_view_ratio": null,
        "stars": null,
        "followers_count": 9430000,
        "tags": [
            "edutainment",
            "popsi"
        ]
    },
    {
        "link": "https://youtube.com/channel/UCb467UvO4jRgKxWX1oqtkzA",
        "description": "The official YouTube channel of World Archery. Watch more exclusive content on archery+ at www.archery.tv",
        "author": null,
        "album": null,
        "bookmarked": true,
        "date_dead_since": null,
        "date_published": "2007-11-19T17:51:21",
        "language": null,
        "manual_status_code": 0,
        "page_rating": 35,
        "page_rating_contents": 90,
        "page_rating_votes": 5,
        "page_rating_visits": 3,
        "permanent": false,
        "source_url": "",
        "status_code": 200,
        "thumbnail": "https://yt3.googleusercontent.com/CJSKezmVLJeVnOtFcvcuAUhyBdeFCWZzMfxz8NwRU7fidmOzDcNSgFvU4Zb-vM9BgtNdNnoqPQ=s900-c-k-c0x00ffffff-no-rj",
        "title": "World Archery",
        "age": null,
        "id": 1750362,
        "thumbs_up": null,
        "thumbs_down": null,
        "view_count": null,
        "rating": null,
        "upvote_ratio": null,
        "upvote_diff": null,
        "upvote_view_ratio": null,
        "stars": null,
        "followers_count": 641000,
        "tags": [
            "archery",
            "sport"
        ]
    },
    {
        "link": "https://www.youtube.com/channel/UCMEMbA38r9CKCuukra2Mr3",
        "description": null,
        "author": null,
        "album": null,
        "bookmarked": true,
        "date_dead_since": null,
        "date_published": "2026-01-29T22:49:28.618636",
        "language": null,
        "manual_status_code": 0,
        "page_rating": 34,
        "page_rating_contents": 80,
        "page_rating_votes": 9,
        "page_rating_visits": 2,
        "permanent": false,
        "source_url": "",
        "status_code": 404,
        "thumbnail": null,
        "title": "Before you continue to YouTube",
        "age": null,
        "id": 1750368,
        "tags": [
            "swords"
        ]
    },
    {
        "link": "https://moltbook.com",
        "description": "A social network built exclusively for moltys. Where moltys share, discuss, and upvote. Humans welcome to observe.",
        "author": null,
        "album": null,
        "bookmarked": false,
        "date_dead_since": null,
        "date_published": null,
        "language": "en",
        "manual_status_code": 0,
        "page_rating": 32,
        "page_rating_contents": 100,
        "page_rating_votes": 1,
        "page_rating_visits": 1,
        "permanent": false,
        "source_url": "",
        "status_code": 200,
        "thumbnail": "https://moltbook.com/favicon.ico?favicon.c268600b.ico",
        "title": "moltbook - the front page of the agent internet",
        "age": null,
        "id": 1750423,
        "tags": [
            "social media"
        ]
    },
    {
        "link": "https://youtube.com/channel/UCLdP3jmBYe9lAZQbY6OSYjw",
        "description": "\ud83c\uddfa\ud83c\uddf8 Love God, Family, America\n\ud83d\ude80 PODCAST - The Benny Show\n\ud83c\udfa5 Contributor - TPUSA\n\ud83d\udcf0 Journalist",
        "author": null,
        "album": null,
        "bookmarked": true,
        "date_dead_since": null,
        "date_published": "2007-02-27T07:49:16",
        "language": null,
        "manual_status_code": 0,
        "page_rating": 35,
        "page_rating_contents": 90,
        "page_rating_votes": 5,
        "page_rating_visits": 1,
        "permanent": false,
        "source_url": "",
        "status_code": 200,
        "thumbnail": "https://yt3.googleusercontent.com/SK58zaZphvH3kj0ky8B8CpctLjGVlf-uoyRa0LenNeektqnz7t7AVSIIp-c1_6f1uKay8o_q5pI=s900-c-k-c0x00ffffff-no-rj",
        "title": "Benny Johnson",
        "age": null,
        "id": 1750457,
        "thumbs_up": null,
        "thumbs_down": null,
        "view_count": null,
        "rating": null,
        "upvote_ratio": null,
        "upvote_diff": null,
        "upvote_view_ratio": null,
        "stars": null,
        "followers_count": 6070000,
        "tags": [
            "conservative",
            "the right wing"
        ]
    },
    {
        "link": "https://youtube.com/channel/UCfV0_wbjG8KJADuZT2ct4SA",
        "description": "Rich Rebuilds shows you how to have a good time by occasionally rebuilding cool cars and other general shenanigans.\nCo-Founded by Rich Benoit & Carl Hewitt",
        "author": null,
        "album": null,
        "bookmarked": true,
        "date_dead_since": null,
        "date_published": "2014-01-08T02:11:35",
        "language": null,
        "manual_status_code": 0,
        "page_rating": 35,
        "page_rating_contents": 90,
        "page_rating_votes": 5,
        "page_rating_visits": 2,
        "permanent": false,
        "source_url": "",
        "status_code": 200,
        "thumbnail": "https://yt3.googleusercontent.com/ytc/AIdro_kC1BXJRBQcnPcdPgNYv6Xdc3817KptRkBqNVHHPU1b0RM=s900-c-k-c0x00ffffff-no-rj",
        "title": "Rich Rebuilds",
        "age": null,
        "id": 1750493,
        "thumbs_up": null,
        "thumbs_down": null,
        "view_count": null,
        "rating": null,
        "upvote_ratio": null,
        "upvote_diff": null,
        "upvote_view_ratio": null,
        "stars": null,
        "followers_count": 1670000,
        "tags": [
            "cars"
        ]
    },
    {
        "link": "https://youtube.com/channel/UC_1QUZJSTYqda_dVYlNV03w",
        "description": "New video every Saturday morning! \n\nSurron lifestyle, PEV reviews, custom electric builds and upgrades. All things fast and electric! \n\nInstagram @surronster\n\nTheme Song: \"On My Own\" by Kyle The Hooligan\n\nLiability Disclaimer: You are hereby notified that the stunts and tricks displayed on this channel are performed by professionals in controlled environments. Do not attempt to duplicate, re-create, or perform the same or similar stunts and tricks at home, as personal injury or property damage may result. The producer of this video is not responsible for any such injury or damage.\nCopyright Disclaimer: Please note that no copyright infringement is intended. I do not own nor claim to own any of the original audio recordings in these videos. Most music is licensed by Artlist.io",
        "author": null,
        "album": null,
        "bookmarked": true,
        "date_dead_since": null,
        "date_published": "2014-02-01T19:16:44",
        "language": null,
        "manual_status_code": 0,
        "page_rating": 35,
        "page_rating_contents": 90,
        "page_rating_votes": 5,
        "page_rating_visits": 2,
        "permanent": false,
        "source_url": "",
        "status_code": 200,
        "thumbnail": "https://yt3.googleusercontent.com/tvJbXdke9eVJHDWXdO5V5z6zGCCur6zN8dEEjzKHWQhRs6rjf07mig1rtOvmUh3dCh2wqeemSLw=s900-c-k-c0x00ffffff-no-rj",
        "title": "Sur Ronster",
        "age": null,
        "id": 1750494,
        "thumbs_up": null,
        "thumbs_down": null,
        "view_count": null,
        "rating": null,
        "upvote_ratio": null,
        "upvote_diff": null,
        "upvote_view_ratio": null,
        "stars": null,
        "followers_count": 3390000,
        "tags": [
            "motorcycles"
        ]
    },
    {
        "link": "https://youtube.com/channel/UCDA7FMmuMau29QEGMMndphg",
        "description": "Lets have some fun :D\n\ngotta love the small things\n\n- Cheers!",
        "author": null,
        "album": null,
        "bookmarked": true,
        "date_dead_since": null,
        "date_published": "2015-09-25T21:59:49",
        "language": null,
        "manual_status_code": 0,
        "page_rating": 35,
        "page_rating_contents": 90,
        "page_rating_votes": 5,
        "page_rating_visits": 2,
        "permanent": false,
        "source_url": "",
        "status_code": 200,
        "thumbnail": "https://yt3.googleusercontent.com/ytc/AIdro_kb0kZ1_3mlDcYVWaF_Mmxk6p0qcclqQVsXfe0shpY3vdI=s900-c-k-c0x00ffffff-no-rj",
        "title": "Quiet Nerd",
        "age": null,
        "id": 1750495,
        "thumbs_up": null,
        "thumbs_down": null,
        "view_count": null,
        "rating": null,
        "upvote_ratio": null,
        "upvote_diff": null,
        "upvote_view_ratio": null,
        "stars": null,
        "followers_count": 506000,
        "tags": [
            "dyi",
            "engineering",
            "hobby"
        ]
    },
    {
        "link": "https://youtube.com/channel/UCA9U3lyRLUyy0ni4XBw-Qdg",
        "description": "Guitart.",
        "author": null,
        "album": null,
        "bookmarked": true,
        "date_dead_since": null,
        "date_published": "2018-11-16T08:58:26",
        "language": null,
        "manual_status_code": 0,
        "page_rating": 35,
        "page_rating_contents": 90,
        "page_rating_votes": 5,
        "page_rating_visits": 2,
        "permanent": false,
        "source_url": "",
        "status_code": 200,
        "thumbnail": "https://yt3.googleusercontent.com/ytc/AIdro_kVjIbYXLdkZ83b0Ju_fBk9mRZUs6zoim1kqyspBgSeyg=s900-c-k-c0x00ffffff-no-rj",
        "title": "Burls Art",
        "age": null,
        "id": 1750496,
        "thumbs_up": null,
        "thumbs_down": null,
        "view_count": null,
        "rating": null,
        "upvote_ratio": null,
        "upvote_diff": null,
        "upvote_view_ratio": null,
        "stars": null,
        "followers_count": 743000,
        "tags": [
            "guitars"
        ]
    },
    {
        "link": "https://youtube.com/channel/UCoah0FMpaTxHpZlF09kqQmg",
        "description": "\ud504\ub85c\uc138\uc2a4 \ucf00\uc774 \ucc44\ub110\uc740 \uc6b0\ub9ac \uc8fc\ubcc0\uc5d0\uc11c \ud754\ud788 \ubcfc \uc218 \uc5c6\ub294 \uacfc\uc815\uacfc \ud2b9\ubcc4\ud55c \uac00\uce58\uac00 \ub2f4\uaca8 \uc788\ub294 \ubaa8\ub4e0 \uacfc\uc815\uc744 \uc18c\uac1c\ud569\ub2c8\ub2e4.\nProcess K channel introduces processes that are not commonly seen around us and all processes with special value.\n\n\ud83c\udfac \ucd2c\uc601 \uc694\uccad \ubc0f \uc81c\ubcf4 \uc774\uba54\uc77c  \n\u25b6processk22@gmail.com",
        "author": null,
        "album": null,
        "bookmarked": true,
        "date_dead_since": null,
        "date_published": "2022-03-22T23:25:36",
        "language": null,
        "manual_status_code": 0,
        "page_rating": 35,
        "page_rating_contents": 90,
        "page_rating_votes": 5,
        "page_rating_visits": 2,
        "permanent": false,
        "source_url": "",
        "status_code": 200,
        "thumbnail": "https://yt3.googleusercontent.com/ZklAmUiT2mxBm0LLGXG4D34Mm5o0FxeruUJG1h0f15d_WEVySaHiKMUN-s5NBcyCc_ImO58k=s900-c-k-c0x00ffffff-no-rj",
        "title": "\ud504\ub85c\uc138\uc2a4 \ucf00\uc774 Process K",
        "age": null,
        "id": 1750497,
        "thumbs_up": null,
        "thumbs_down": null,
        "view_count": null,
        "rating": null,
        "upvote_ratio": null,
        "upvote_diff": null,
        "upvote_view_ratio": null,
        "stars": null,
        "followers_count": 452000,
        "tags": [
            "manufacturing"
        ]
    },
    {
        "link": "https://youtube.com/channel/UCfHmyqCntYHQ81ZukNu66rg",
        "description": "Hey. It's me. Raz. I started this channel to learn more about video games. In my attempts to do this, I've mainly focused on seeing what video games are like for people who don't play them (Gaming For A Non-Gamer) and exploring various themes/mechanics that I find interesting/questionable (pretty much everything else). I've covered things from Avatar: The Last Airbender and The Legend of Korra to Kendrick Lamar verses and the musical Hamilton, so you can expect me to talk about a wide range of topics. If this interests you, hang around; there might be something cool for you here. \n\nMany videos on this channel were edited by Jesse Guarascia. He is incredible, and you should check out his twitter: https://twitter.com/Guarascia\n\nBanner Art by Strekks\nAvatar by CrystalFace",
        "author": null,
        "album": null,
        "bookmarked": true,
        "date_dead_since": null,
        "date_published": "2010-05-18T00:48:11",
        "language": null,
        "manual_status_code": 0,
        "page_rating": 35,
        "page_rating_contents": 90,
        "page_rating_votes": 5,
        "page_rating_visits": 2,
        "permanent": false,
        "source_url": "",
        "status_code": 200,
        "thumbnail": "https://yt3.googleusercontent.com/ytc/AIdro_kj7fc-mISaX42SXiInwIDFHbn4jQw6CJuzhFjw8010cQk=s900-c-k-c0x00ffffff-no-rj",
        "title": "Razbuten",
        "age": null,
        "id": 1750499,
        "thumbs_up": null,
        "thumbs_down": null,
        "view_count": null,
        "rating": null,
        "upvote_ratio": null,
        "upvote_diff": null,
        "upvote_view_ratio": null,
        "stars": null,
        "followers_count": 907000,
        "tags": [
            "game dev",
            "video game reviews",
            "video games"
        ]
    },
    {
        "link": "https://youtube.com/channel/UCK9_x1DImhU-eolIay5rb2Q",
        "description": "Premier Review on Opencritic  \u2013 see all scores \u279c www.opencritic.com/critic/ACG\nThe best, accurate, and fun video game reviews for video games on youtube.\nWalking the Walk game critiques, video game reviews, video game previews, developer round tables, weekly game news website https://www.acgamer.net/\nhttps://opencritic.com/outlet/310/acg\nHome to the best gaming podcast.\n\nAngryCentaurGaming or ACG and Karak running it, is a popular YouTube channel focused on providing high-quality gaming content and reviews. With over 1.2m subscribers and a strong presence in the gaming community, the channel has gained a reputation for in-depth analysis and entertaining personality thorough and analytical approach to reviewing games.\nSome of the key gaming videos include:\n- Game reviews\n- Gaming news\n- Gaming commentary\n- Gaming opinion pieces\n- Expert analysis\nhttps://teespring.com/stores/acg\nhttps://www.patreon.com/AngryCentaurGaming \nThe Best Videogame review channel on youtube",
        "author": null,
        "album": null,
        "bookmarked": true,
        "date_dead_since": null,
        "date_published": "2013-05-15T01:31:36",
        "language": null,
        "manual_status_code": 0,
        "page_rating": 37,
        "page_rating_contents": 90,
        "page_rating_votes": 8,
        "page_rating_visits": 2,
        "permanent": false,
        "source_url": "",
        "status_code": 200,
        "thumbnail": "https://yt3.googleusercontent.com/XzHYAV8TQJrS9_WrRNWkIOYkkO9dQEfpwoqq3SkRALzuuBKLI9mKTIfHhuWypyI9fqPVR7Wm=s900-c-k-c0x00ffffff-no-rj",
        "title": "ACG",
        "age": null,
        "id": 1750500,
        "thumbs_up": null,
        "thumbs_down": null,
        "view_count": null,
        "rating": null,
        "upvote_ratio": null,
        "upvote_diff": null,
        "upvote_view_ratio": null,
        "stars": null,
        "followers_count": 1200000,
        "tags": [
            "video game news",
            "video game reviews"
        ]
    },
    {
        "link": "https://youtube.com/channel/UCKlUrYO3i9MDlL45Ia6j5EA",
        "description": "Udost\u0119pniaj filmy znajomym, rodzinie i ca\u0142emu \u015bwiatu",
        "author": null,
        "album": null,
        "bookmarked": true,
        "date_dead_since": null,
        "date_published": "2008-02-21T07:44:54",
        "language": null,
        "manual_status_code": 0,
        "page_rating": 38,
        "page_rating_contents": 90,
        "page_rating_votes": 9,
        "page_rating_visits": 2,
        "permanent": false,
        "source_url": "",
        "status_code": 200,
        "thumbnail": "https://yt3.googleusercontent.com/ytc/AIdro_ksYN4Dwod0MG_gz4MYCzvIcORR7J-A6OzFv_mprcjyFjk=s900-c-k-c0x00ffffff-no-rj",
        "title": "GmanLives",
        "age": null,
        "id": 1750501,
        "thumbs_up": null,
        "thumbs_down": null,
        "view_count": null,
        "rating": null,
        "upvote_ratio": null,
        "upvote_diff": null,
        "upvote_view_ratio": null,
        "stars": null,
        "followers_count": 822000,
        "tags": [
            "video games"
        ]
    },
    {
        "link": "https://youtube.com/channel/UCQio594lZDxcDmpPjqhyq_w",
        "description": "Phonk Domain is a hub for fire phonk music.",
        "author": null,
        "album": null,
        "bookmarked": true,
        "date_dead_since": null,
        "date_published": "2021-06-01T17:53:08",
        "language": null,
        "manual_status_code": 0,
        "page_rating": 37,
        "page_rating_contents": 90,
        "page_rating_votes": 8,
        "page_rating_visits": 3,
        "permanent": false,
        "source_url": "",
        "status_code": 200,
        "thumbnail": "https://yt3.googleusercontent.com/Qp6YCOujMG3BXXji_QF3z0uVJCsoAb73bK1f-INxuqZ79HMUS7x2mg9sXKFzLVabZnxbJPc7=s900-c-k-c0x00ffffff-no-rj",
        "title": "PHONK DOMAIN",
        "age": null,
        "id": 1750502,
        "thumbs_up": null,
        "thumbs_down": null,
        "view_count": null,
        "rating": null,
        "upvote_ratio": null,
        "upvote_diff": null,
        "upvote_view_ratio": null,
        "stars": null,
        "followers_count": 2460000,
        "tags": [
            "music",
            "phonk"
        ]
    },
    {
        "link": "https://youtube.com/channel/UCxH0sQJKG6Aq9-vFIPnDZ2A",
        "description": "The Vibe Guide - Your guide to the latest music trends.\n\nSince 2012 we've been working closely with musical artists and have established ourselves as one of the leading music curators on Youtube.\n\nSend your submissions to tvgsubmissions@gmail.com",
        "author": null,
        "album": null,
        "bookmarked": true,
        "date_dead_since": null,
        "date_published": "2012-10-30T16:25:05",
        "language": null,
        "manual_status_code": 0,
        "page_rating": 36,
        "page_rating_contents": 90,
        "page_rating_votes": 6,
        "page_rating_visits": 2,
        "permanent": false,
        "source_url": "",
        "status_code": 200,
        "thumbnail": "https://yt3.googleusercontent.com/kbaAK-ukMvwCfFTbo77kvDl2OvmRSgZIKUsitdGYWSn3vsEBqi0MyKfgp00scfb4Yn30tTWTfQ=s900-c-k-c0x00ffffff-no-rj",
        "title": "The Vibe Guide",
        "age": null,
        "id": 1750504,
        "thumbs_up": null,
        "thumbs_down": null,
        "view_count": null,
        "rating": null,
        "upvote_ratio": null,
        "upvote_diff": null,
        "upvote_view_ratio": null,
        "stars": null,
        "followers_count": 10800000,
        "tags": [
            "music"
        ]
    },
    {
        "link": "https://youtube.com/channel/UCzYB0J1KFFo5P2EAiRuwdJw",
        "description": "Welcome to my channel \ud83d\udd25\ud83d\udd25\n\nPHONK Club is a Youtube partner of Black 17\n\nWe hope to make your days more beautiful with the music we share !\n\n\u00a9\ufe0f All rights reserved by PHONK Club\n\u00a9 All music are produced by Black 17 and are copyrighted.\n\u2714 All rights belong to their respective owners\n\n\u00a9 All rights reserved.\n\u2117 Music & Video is Copyrighted by PHONK Club",
        "author": null,
        "album": null,
        "bookmarked": true,
        "date_dead_since": null,
        "date_published": "2022-12-16T00:39:45",
        "language": null,
        "manual_status_code": 0,
        "page_rating": 32,
        "page_rating_contents": 90,
        "page_rating_votes": 1,
        "page_rating_visits": 2,
        "permanent": false,
        "source_url": "",
        "status_code": 200,
        "thumbnail": "https://yt3.googleusercontent.com/cbk3i62ObjBagP1gROcWWFyE0eWvFChTwPaHbolX7P7i2PlztaaoIJXvx3jXziuTTFyfwLOI=s900-c-k-c0x00ffffff-no-rj",
        "title": "PHONK Club",
        "age": null,
        "id": 1750505,
        "thumbs_up": null,
        "thumbs_down": null,
        "view_count": null,
        "rating": null,
        "upvote_ratio": null,
        "upvote_diff": null,
        "upvote_view_ratio": null,
        "stars": null,
        "followers_count": 397000,
        "tags": [
            "music",
            "phonk"
        ]
    },
    {
        "link": "https://youtube.com/channel/UCfJNmhaMLZ6NRbXlzz1qMLQ",
        "description": "\ud83d\udd25 WELCOME TO EMPIRE PHONK \ud83d\udd25\n\nWe love music and strive to bring it in the highest quality possible!\n\nWe are a channel specializing in Phonk, delivering an insane experience with music and dynamic motion design videos.",
        "author": null,
        "album": null,
        "bookmarked": true,
        "date_dead_since": null,
        "date_published": "2025-02-10T23:02:55",
        "language": null,
        "manual_status_code": 0,
        "page_rating": 32,
        "page_rating_contents": 90,
        "page_rating_votes": 1,
        "page_rating_visits": 2,
        "permanent": false,
        "source_url": "",
        "status_code": 200,
        "thumbnail": "https://yt3.googleusercontent.com/QI8xVVy1KgjW9EfXUY48Znuy65RvfTSiTuCdFtg1kXhnHfRywIwLmg_fVu6J1rra6yw8gu33GA=s900-c-k-c0x00ffffff-no-rj",
        "title": "EMPIRE PHONK",
        "age": null,
        "id": 1750506,
        "thumbs_up": null,
        "thumbs_down": null,
        "view_count": null,
        "rating": null,
        "upvote_ratio": null,
        "upvote_diff": null,
        "upvote_view_ratio": null,
        "stars": null,
        "followers_count": 400000,
        "tags": [
            "music",
            "phonk"
        ]
    },
    {
        "link": "https://youtube.com/channel/UC0UUsQjUpLtlG6dF60DQeIQ",
        "description": "A Perfect Circle's official YouTube channel.",
        "author": null,
        "album": null,
        "bookmarked": true,
        "date_dead_since": null,
        "date_published": "2010-09-20T19:43:55",
        "language": null,
        "manual_status_code": 0,
        "page_rating": 38,
        "page_rating_contents": 90,
        "page_rating_votes": 10,
        "page_rating_visits": 2,
        "permanent": false,
        "source_url": "",
        "status_code": 200,
        "thumbnail": "https://yt3.googleusercontent.com/ytc/AIdro_nOB0OCKWhWIUAB8YMpVeRMsS7zWw9M1vossahYGGSdAA=s900-c-k-c0x00ffffff-no-rj",
        "title": "A Perfect Circle",
        "age": null,
        "id": 1750508,
        "thumbs_up": null,
        "thumbs_down": null,
        "view_count": null,
        "rating": null,
        "upvote_ratio": null,
        "upvote_diff": null,
        "upvote_view_ratio": null,
        "stars": null,
        "followers_count": 506000,
        "tags": [
            "music band"
        ]
    },
    {
        "link": "https://youtube.com/channel/UCxqkOxQYocXRtSqlotgXh7w",
        "description": "Vincent Fenton is a multi-instrumentalist from France. As FKJ, aka French Kiwi Juice, his loose and colorful arrangements could soundtrack just about anything, anywhere; which is evident from his global spanning fanbase. FKJ is a Platinum-selling recording artist with over 2B streams to date, and his all encompassing visions and approach to his music create a unique, spontaneity-first delivery that shines in his complex live performances.",
        "author": null,
        "album": null,
        "bookmarked": true,
        "date_dead_since": null,
        "date_published": "2012-11-08T10:45:22",
        "language": null,
        "manual_status_code": 0,
        "page_rating": 35,
        "page_rating_contents": 90,
        "page_rating_votes": 5,
        "page_rating_visits": 2,
        "permanent": false,
        "source_url": "",
        "status_code": 200,
        "thumbnail": "https://yt3.googleusercontent.com/2wxa7QPwvVAUZSPJPAfqTkWUPHxsoyW_8LjYhKOFUO7zME3iJuE-tsy7-7lXg4yI_xzwbVC0=s900-c-k-c0x00ffffff-no-rj",
        "title": "Fkj",
        "age": null,
        "id": 1750512,
        "thumbs_up": null,
        "thumbs_down": null,
        "view_count": null,
        "rating": null,
        "upvote_ratio": null,
        "upvote_diff": null,
        "upvote_view_ratio": null,
        "stars": null,
        "followers_count": 2600000,
        "tags": [
            "music artist"
        ]
    },
    {
        "link": "https://youtube.com/channel/UCCHcEUksSVKsRDH86j77Ntg",
        "description": "The Lonely Island are Andy Samberg, Akiva Schaffer and Jorma Taccone. They've been making videos together since September of 2000. They met in Junior High. Nice, right?",
        "author": null,
        "album": null,
        "bookmarked": true,
        "date_dead_since": null,
        "date_published": "2005-12-24T00:30:09",
        "language": null,
        "manual_status_code": 0,
        "page_rating": 45,
        "page_rating_contents": 90,
        "page_rating_votes": 20,
        "page_rating_visits": 2,
        "permanent": false,
        "source_url": "",
        "status_code": 200,
        "thumbnail": "https://yt3.googleusercontent.com/ytc/AIdro_mwpPZiDzeEy8MJSFFzOOREA8CjZRMp1LRBVPfkISIRR4E=s900-c-k-c0x00ffffff-no-rj",
        "title": "thelonelyisland",
        "age": null,
        "id": 1750542,
        "thumbs_up": null,
        "thumbs_down": null,
        "view_count": null,
        "rating": null,
        "upvote_ratio": null,
        "upvote_diff": null,
        "upvote_view_ratio": null,
        "stars": null,
        "followers_count": 7370000,
        "tags": [
            "comedy",
            "funny"
        ]
    },
    {
        "link": "https://youtube.com/channel/UCMUyG01MXNeiTykIlvWwIRQ",
        "description": "Credit the creators.",
        "author": null,
        "album": null,
        "bookmarked": true,
        "date_dead_since": null,
        "date_published": "2022-10-25T21:26:31",
        "language": null,
        "manual_status_code": 0,
        "page_rating": 35,
        "page_rating_contents": 90,
        "page_rating_votes": 10,
        "page_rating_visits": 1,
        "permanent": false,
        "source_url": "",
        "status_code": 200,
        "thumbnail": "https://yt3.googleusercontent.com/0QXKyj_U-j2DtVUFHV8O2-ILE9UcX0C5ARlbH6EXzaLFXIDX2cR5iVBhNfvcVbpjqxX85FklNA=s900-c-k-c0x00ffffff-no-rj",
        "title": "JJJacksfilms",
        "age": null,
        "id": 1750566,
        "thumbs_up": null,
        "thumbs_down": null,
        "view_count": null,
        "rating": null,
        "upvote_ratio": null,
        "upvote_diff": null,
        "upvote_view_ratio": null,
        "stars": null,
        "followers_count": 685000,
        "tags": []
    },
    {
        "link": "https://youtube.com/channel/UCR1PVwrPjpz0U_Fbju-BAzQ",
        "description": "It's like the normal Jarvis Johnson channel, but gold.",
        "author": null,
        "album": null,
        "bookmarked": true,
        "date_dead_since": null,
        "date_published": "2019-07-18T19:39:05",
        "language": null,
        "manual_status_code": 0,
        "page_rating": 29,
        "page_rating_contents": 90,
        "page_rating_votes": 1,
        "page_rating_visits": 2,
        "permanent": false,
        "source_url": "",
        "status_code": 200,
        "thumbnail": "https://yt3.googleusercontent.com/ytc/AIdro_mrS55KGO2FnGxvpJTKfSidRgyRY4MSVEj5dt10KUHaz1g=s900-c-k-c0x00ffffff-no-rj",
        "title": "Jarvis Johnson! GOLD",
        "age": null,
        "id": 1750567,
        "tags": []
    },
    {
        "link": "https://youtube.com/channel/UCHyMNXj5l7eTTQefXzT3MdQ",
        "description": "Speedrunning facts. YT Shorts Any% World First (real). Stop clickbait.\n\nThe purpose of all my videos is somewhat education, satire and comedy not to be taken seriously. \nI do NOT tolerate harassing or spreading hate to other content creators.\n\nIf you have any issues with my content - please let me know via email below!\n\nGeneral and biz inquiries: joecainebusiness@gmail.com",
        "author": null,
        "album": null,
        "bookmarked": true,
        "date_dead_since": null,
        "date_published": "2022-11-12T15:53:21",
        "language": null,
        "manual_status_code": 0,
        "page_rating": 35,
        "page_rating_contents": 90,
        "page_rating_votes": 5,
        "page_rating_visits": 2,
        "permanent": false,
        "source_url": "",
        "status_code": 200,
        "thumbnail": "https://yt3.googleusercontent.com/TO0ZnfaX5KK8AX9BOBKynfJs1NeV2HF6WxjJjZwZ2UIhQH_O0ASqIqu6YDzqIZoNuDnhDQazNw=s900-c-k-c0x00ffffff-no-rj",
        "title": "Joe Caine",
        "age": null,
        "id": 1750568,
        "thumbs_up": null,
        "thumbs_down": null,
        "view_count": null,
        "rating": null,
        "upvote_ratio": null,
        "upvote_diff": null,
        "upvote_view_ratio": null,
        "stars": null,
        "followers_count": 3590000,
        "tags": [
            "comedy"
        ]
    },
    {
        "link": "https://peerweb.lol",
        "description": "PeerWeb is a revolutionary way to host and share websites using WebTorrent technology. Instead of relying on centralized servers, websites are distributed across a peer-to-peer network, making them censorship-resistant and always available. \ud83c\udf0d\u008d\u2728",
        "author": "dtj1123",
        "album": "",
        "bookmarked": false,
        "date_dead_since": null,
        "date_published": "2025-10-07T23:40:12",
        "language": "en",
        "manual_status_code": 0,
        "page_rating": 36,
        "page_rating_contents": 100,
        "page_rating_votes": 1,
        "page_rating_visits": 1,
        "permanent": false,
        "source_url": "https://hnrss.org/frontpage",
        "status_code": 200,
        "thumbnail": "https://peerweb.lol/data:image/svg+xml,<svg xmlns=%22http://www.w3.org/2000/svg%22 viewBox=%2210 0 100 100%22><text y=%22.90em%22 font-size=%2290%22>\ud83e\ude90\u0090</text></svg>",
        "title": "PeerWeb - Decentralized Website Hosting",
        "age": null,
        "id": 1750582,
        "tags": [
            "fediverse"
        ]
    },
    {
        "link": "https://youtube.com/channel/UCxkM67T_Iele-mRVUiBkRqg",
        "description": "We play games where the world is our board. \n\nA Wendover Productions channel.",
        "author": null,
        "album": null,
        "bookmarked": true,
        "date_dead_since": null,
        "date_published": "2022-05-20T00:20:24",
        "language": null,
        "manual_status_code": 0,
        "page_rating": 36,
        "page_rating_contents": 90,
        "page_rating_votes": 6,
        "page_rating_visits": 2,
        "permanent": false,
        "source_url": "",
        "status_code": 200,
        "thumbnail": "https://yt3.googleusercontent.com/jQ2gjsdOGOgnQisz845qi_yHbHFVv2Bmi45WbwW1HUT4yEPkNkiAEC8mXVhS0y30-YTNJSJ5cg=s900-c-k-c0x00ffffff-no-rj",
        "title": "Jet Lag: The Game",
        "age": null,
        "id": 1750584,
        "thumbs_up": null,
        "thumbs_down": null,
        "view_count": null,
        "rating": null,
        "upvote_ratio": null,
        "upvote_diff": null,
        "upvote_view_ratio": null,
        "stars": null,
        "followers_count": 986000,
        "tags": [
            "travel"
        ]
    },
    {
        "link": "https://youtube.com/channel/UCpqXJOEqGS-TCnazcHCo0rA",
        "description": "\"King of the YouTube Walkthrough\" - FMV Magazine",
        "author": null,
        "album": null,
        "bookmarked": true,
        "date_dead_since": null,
        "date_published": "2006-11-27T03:24:34",
        "language": null,
        "manual_status_code": 0,
        "page_rating": 35,
        "page_rating_contents": 90,
        "page_rating_votes": 5,
        "page_rating_visits": 1,
        "permanent": false,
        "source_url": "",
        "status_code": 200,
        "thumbnail": "https://yt3.googleusercontent.com/ytc/AIdro_mT4HHtSX-gR2mdZMq-YW7dyIc7lxY1utemKl2ahomnsW8=s900-c-k-c0x00ffffff-no-rj",
        "title": "theRadBrad",
        "age": null,
        "id": 1750636,
        "thumbs_up": null,
        "thumbs_down": null,
        "view_count": null,
        "rating": null,
        "upvote_ratio": null,
        "upvote_diff": null,
        "upvote_view_ratio": null,
        "stars": null,
        "followers_count": 13900000,
        "tags": [
            "video games"
        ]
    },
    {
        "link": "https://youtube.com/channel/UC1bwliGvJogr7cWK0nT2Eag",
        "description": "MKIceAndFire\n\nFull edited educational walkthroughs of new game releases! All the video games are provided by the game publisher for review purposes by local PR. MKIceAndFire helps gamers all over the world who get stuck in their games and need a guide to help them finish a game. I spend hours every day editing my videos so my audience can enjoy my videos and also get help in the games that I am covering on my channel.\n\nI am constantly improving my editing so my audience can get the best walkthroughs to help them whenever they get stuck in a game, but if you have any suggestions for me, let me know in the comments! \n\nFor business inquiries: \nmkiceandfirebusiness@gmail.com\n\nDo not re-upload my videos without full permission directly from this channel. The only email I use is the one under \"For business inquiries\" down below. I will take down any re-uploads of my walkthroughs.",
        "author": null,
        "album": null,
        "bookmarked": true,
        "date_dead_since": null,
        "date_published": "2012-08-08T07:12:04",
        "language": null,
        "manual_status_code": 0,
        "page_rating": 35,
        "page_rating_contents": 90,
        "page_rating_votes": 5,
        "page_rating_visits": 2,
        "permanent": false,
        "source_url": "",
        "status_code": 200,
        "thumbnail": "https://yt3.googleusercontent.com/ytc/AIdro_nOHhsMB_jQbBn05JJM9rfUJtWlhTQG5fN0H5NDmmG5RGE=s900-c-k-c0x00ffffff-no-rj",
        "title": "MKIceAndFire",
        "age": null,
        "id": 1750637,
        "thumbs_up": null,
        "thumbs_down": null,
        "view_count": null,
        "rating": null,
        "upvote_ratio": null,
        "upvote_diff": null,
        "upvote_view_ratio": null,
        "stars": null,
        "followers_count": 4550000,
        "tags": [
            "video games"
        ]
    },
    {
        "link": "https://youtube.com/channel/UCEKJKJ3FO-9SFv5x5BzyxhQ",
        "description": "My 3kliksphilip channel does CS:GO. This 2kliksphilip channel covers everything else and has a bit of love invested into it :)\n\nMy business email is: 3kliksphilip art gmail dort com",
        "author": null,
        "album": null,
        "bookmarked": true,
        "date_dead_since": null,
        "date_published": "2009-06-29T12:34:01",
        "language": null,
        "manual_status_code": 0,
        "page_rating": 33,
        "page_rating_contents": 90,
        "page_rating_votes": 2,
        "page_rating_visits": 3,
        "permanent": false,
        "source_url": "",
        "status_code": 200,
        "thumbnail": "https://yt3.googleusercontent.com/baklEAyKP1AAhg9vtoULkuydyyAzPCywtpT70YDNCua3QjQmWSWyuJTrKeR6D6sAJrI99yjjYg=s900-c-k-c0x00ffffff-no-rj",
        "title": "2kliksphilip",
        "age": null,
        "id": 1750641,
        "thumbs_up": null,
        "thumbs_down": null,
        "view_count": null,
        "rating": null,
        "upvote_ratio": null,
        "upvote_diff": null,
        "upvote_view_ratio": null,
        "stars": null,
        "followers_count": 662000,
        "tags": [
            "video games"
        ]
    },
    {
        "link": "https://youtube.com/channel/UCV_X7eK-qeYAZZd6E5Dt-fw",
        "description": "time to go on an adventure!",
        "author": null,
        "album": null,
        "bookmarked": true,
        "date_dead_since": null,
        "date_published": "2015-09-02T10:51:18",
        "language": null,
        "manual_status_code": 0,
        "page_rating": 34,
        "page_rating_contents": 90,
        "page_rating_votes": 3,
        "page_rating_visits": 2,
        "permanent": false,
        "source_url": "",
        "status_code": 200,
        "thumbnail": "https://yt3.googleusercontent.com/eKCGlx4FX_Ek5WuW3U1ISF9-EgJMTNfp3X4wYpVe-IH6t15ALckkRBX0XnCQIHj6r5oTA0R4jA=s900-c-k-c0x00ffffff-no-rj",
        "title": "Chris Howett",
        "age": null,
        "id": 1750701,
        "thumbs_up": null,
        "thumbs_down": null,
        "view_count": null,
        "rating": null,
        "upvote_ratio": null,
        "upvote_diff": null,
        "upvote_view_ratio": null,
        "stars": null,
        "followers_count": 205000,
        "tags": [
            "entertainment",
            "travel"
        ]
    },
    {
        "link": "https://youtube.com/channel/UC1W_Jc9UmyttYlSo0i5DzJg",
        "description": "Show Me Your World & I\u2019ll Show You Mine \ud83c\udf0e\ud83c\udf0d\ud83c\udf0f",
        "author": null,
        "album": null,
        "bookmarked": true,
        "date_dead_since": null,
        "date_published": "2018-10-17T16:32:34",
        "language": null,
        "manual_status_code": 0,
        "page_rating": 34,
        "page_rating_contents": 90,
        "page_rating_votes": 3,
        "page_rating_visits": 2,
        "permanent": false,
        "source_url": "",
        "status_code": 200,
        "thumbnail": "https://yt3.googleusercontent.com/ytc/AIdro_kwpBWCQijXoB7kl90bMuvnyvTv1xz-IUDKkFteg9B1sgM=s900-c-k-c0x00ffffff-no-rj",
        "title": "Show Me the World",
        "age": null,
        "id": 1750709,
        "thumbs_up": null,
        "thumbs_down": null,
        "view_count": null,
        "rating": null,
        "upvote_ratio": null,
        "upvote_diff": null,
        "upvote_view_ratio": null,
        "stars": null,
        "followers_count": 1400000,
        "tags": [
            "travel"
        ]
    },
    {
        "link": "https://youtube.com/channel/UC-SuHonAEkrikvs2oj7LLXg",
        "description": "Odkrywaj. Eksploruj. Ujawniaj.",
        "author": null,
        "album": null,
        "bookmarked": true,
        "date_dead_since": null,
        "date_published": "2020-09-26T20:24:11",
        "language": null,
        "manual_status_code": 0,
        "page_rating": 34,
        "page_rating_contents": 90,
        "page_rating_votes": 3,
        "page_rating_visits": 2,
        "permanent": false,
        "source_url": "",
        "status_code": 200,
        "thumbnail": "https://yt3.googleusercontent.com/s2CGsTrVlf5ANwVXMN8-Q0y7GJDeThnHX2X5dBu9eBw_aeHg9HdwTqLUmmshmtaXxP_HQd0V6w=s900-c-k-c0x00ffffff-no-rj",
        "title": "Lifeder",
        "age": null,
        "id": 1750710,
        "thumbs_up": null,
        "thumbs_down": null,
        "view_count": null,
        "rating": null,
        "upvote_ratio": null,
        "upvote_diff": null,
        "upvote_view_ratio": null,
        "stars": null,
        "followers_count": 623000,
        "tags": [
            "travel"
        ]
    },
    {
        "link": "https://youtube.com/channel/UCywuq7AxUM4uYrVmSFm3Ezw",
        "description": "Glamourdaze.com brings the past back to life. I take early fragments of silent 16fps footage and restore them to life by a combination of manual frame by frame colorization as well as the use of deep exemplar-based video colorization techniques. The footage is upscaled and the frames interpolated to a higher frame rate ( in most cases 60 frames per second.) Finally I produce a soundtrack which helps build a new immersive experience for the viewer. The intent is to create a time travel experience. Glamourdaze is also a vintage fashion blog with color restored vintage, plus modern retro beauty tutorials.\n\nAll films are licensed, procured by private agreement from relevant copyright holders, or deemed to be public domain.\nWhere relevant, links are provided to permission granters and to public domain / creative commons archive sources.",
        "author": null,
        "album": null,
        "bookmarked": true,
        "date_dead_since": null,
        "date_published": "2008-12-17T11:42:58",
        "language": null,
        "manual_status_code": 0,
        "page_rating": 35,
        "page_rating_contents": 90,
        "page_rating_votes": 5,
        "page_rating_visits": 2,
        "permanent": false,
        "source_url": "",
        "status_code": 200,
        "thumbnail": "https://yt3.googleusercontent.com/zyg0S4WTxkTc_bRyo8gBG5HT1ADmpyuIb0RthfcTOM1Lkj2DQYPxP1P2UhHX8HYj_W36pOcb3Q=s900-c-k-c0x00ffffff-no-rj",
        "title": "glamourdaze",
        "age": null,
        "id": 1750712,
        "thumbs_up": null,
        "thumbs_down": null,
        "view_count": null,
        "rating": null,
        "upvote_ratio": null,
        "upvote_diff": null,
        "upvote_view_ratio": null,
        "stars": null,
        "followers_count": 743000,
        "tags": [
            "history",
            "old footage"
        ]
    },
    {
        "link": "https://youtube.com/channel/UCalZDLHUJpNk65HKF4V00LQ",
        "description": "",
        "author": null,
        "album": null,
        "bookmarked": true,
        "date_dead_since": null,
        "date_published": "2016-07-22T00:27:03",
        "language": "pl",
        "manual_status_code": 0,
        "page_rating": 32,
        "page_rating_contents": 90,
        "page_rating_votes": 1,
        "page_rating_visits": 4,
        "permanent": false,
        "source_url": "",
        "status_code": 200,
        "thumbnail": "https://yt3.googleusercontent.com/Cxj9H_9RI3PZNJx-cUIeCOzRMk6KeZEH2ZUxvHQHFJu46PS8-4AaGf9bJxrw8aEEdN0W0Id0dYo=s900-c-k-c0x00ffffff-no-rj",
        "title": "Sobel",
        "age": null,
        "id": 1750714,
        "thumbs_up": null,
        "thumbs_down": null,
        "view_count": null,
        "rating": null,
        "upvote_ratio": null,
        "upvote_diff": null,
        "upvote_view_ratio": null,
        "stars": null,
        "followers_count": 1390000,
        "tags": [
            "music artist"
        ]
    },
    {
        "link": "https://youtube.com/channel/UCzfKNehC37FELsRZIPV6tBQ",
        "description": "Cze\u015b\u0107! Jestem Gustaw i uwielbiam robi\u0107 filmy.\nZapraszam na m\u00f3j profil Patronite: https://patronite.pl/GustawChiny\nWsp\u00f3\u0142praca: gustawchiny@gmail.com",
        "author": null,
        "album": null,
        "bookmarked": true,
        "date_dead_since": null,
        "date_published": "2011-09-11T19:21:09",
        "language": null,
        "manual_status_code": 0,
        "page_rating": 33,
        "page_rating_contents": 90,
        "page_rating_votes": 2,
        "page_rating_visits": 2,
        "permanent": false,
        "source_url": "",
        "status_code": 200,
        "thumbnail": "https://yt3.googleusercontent.com/63IlFeZslLuq9T0EGm2JdKXKU51A-zYGWZUco5PXWoCrIuhbvhZqOKi3tEr4VS3c-H4pzs2qdw=s900-c-k-c0x00ffffff-no-rj",
        "title": "Gustaw Chiny",
        "age": null,
        "id": 1750723,
        "thumbs_up": null,
        "thumbs_down": null,
        "view_count": null,
        "rating": null,
        "upvote_ratio": null,
        "upvote_diff": null,
        "upvote_view_ratio": null,
        "stars": null,
        "followers_count": 208000,
        "tags": [
            "china",
            "travel"
        ]
    },
    {
        "link": "https://keanu.codes",
        "description": "An app for learning about status codes!",
        "author": null,
        "album": null,
        "bookmarked": false,
        "date_dead_since": null,
        "date_published": "2026-01-31T20:14:53.198564",
        "language": "en",
        "manual_status_code": 0,
        "page_rating": 38,
        "page_rating_contents": 100,
        "page_rating_votes": 5,
        "page_rating_visits": 3,
        "permanent": false,
        "source_url": "",
        "status_code": 200,
        "thumbnail": "https://glitch.com/favicon.ico",
        "title": "HTTP Keanu ( )",
        "age": null,
        "id": 1750749,
        "tags": [
            "cats",
            "funny",
            "http",
            "internet",
            "status code",
            "wtf"
        ]
    },
    {
        "link": "https://youtube.com/channel/UClFSU9_bUb4Rc6OYfTt5SPw",
        "description": "New Daily Videos Every Single Day Except Saturday!",
        "author": null,
        "album": null,
        "bookmarked": true,
        "date_dead_since": null,
        "date_published": "2006-09-16T04:14:15",
        "language": null,
        "manual_status_code": 0,
        "page_rating": 35,
        "page_rating_contents": 90,
        "page_rating_votes": 5,
        "page_rating_visits": 3,
        "permanent": false,
        "source_url": "",
        "status_code": 200,
        "thumbnail": "https://yt3.googleusercontent.com/EVLSNMtuPc2KUy44v0kWydLd-Chv8D_CpyvyB6g4Ol8HM-51jxEzUCNo1oj9RtMmB5cC0fw6pQ=s900-c-k-c0x00ffffff-no-rj",
        "title": "Philip DeFranco",
        "age": null,
        "id": 1750847,
        "thumbs_up": null,
        "thumbs_down": null,
        "view_count": null,
        "rating": null,
        "upvote_ratio": null,
        "upvote_diff": null,
        "upvote_view_ratio": null,
        "stars": null,
        "followers_count": 6610000,
        "tags": [
            "democrat",
            "news",
            "politics",
            "the left wing"
        ]
    },
    {
        "link": "https://youtube.com/channel/UCpLB7kBu9O5dbBKhaIOmqcQ",
        "description": "News You Need to Know. Fast. Every Day. Just For You.",
        "author": null,
        "album": null,
        "bookmarked": true,
        "date_dead_since": null,
        "date_published": "2017-04-13T21:17:39",
        "language": null,
        "manual_status_code": 0,
        "page_rating": 34,
        "page_rating_contents": 90,
        "page_rating_votes": 3,
        "page_rating_visits": 2,
        "permanent": false,
        "source_url": "",
        "status_code": 200,
        "thumbnail": "https://yt3.googleusercontent.com/gG8APUsfAnGGR-bMkkA-4bei0sFLy8noP45mOkGeOswOZIe3SAMIoRfNTdsOERMZ-EX6IFXJ=s900-c-k-c0x00ffffff-no-rj",
        "title": "DeFranco News Clips",
        "age": null,
        "id": 1750848,
        "thumbs_up": null,
        "thumbs_down": null,
        "view_count": null,
        "rating": null,
        "upvote_ratio": null,
        "upvote_diff": null,
        "upvote_view_ratio": null,
        "stars": null,
        "followers_count": 1410000,
        "tags": [
            "news",
            "politics"
        ]
    },
    {
        "link": "https://youtube.com/channel/UCcYw2GuJh1gkk5_4HM7q97Q",
        "description": "I make animations..yup",
        "author": null,
        "album": null,
        "bookmarked": true,
        "date_dead_since": null,
        "date_published": "2010-01-29T06:01:46",
        "language": null,
        "manual_status_code": 0,
        "page_rating": 35,
        "page_rating_contents": 90,
        "page_rating_votes": 5,
        "page_rating_visits": 2,
        "permanent": false,
        "source_url": "",
        "status_code": 200,
        "thumbnail": "https://yt3.googleusercontent.com/ytc/AIdro_l2Quz2_UbisncFrKzZt40eVXHcVS__h8NwzJDsLjPbg2I=s900-c-k-c0x00ffffff-no-rj",
        "title": "Spazkidin3D",
        "age": null,
        "id": 1750883,
        "thumbs_up": null,
        "thumbs_down": null,
        "view_count": null,
        "rating": null,
        "upvote_ratio": null,
        "upvote_diff": null,
        "upvote_view_ratio": null,
        "stars": null,
        "followers_count": 530000,
        "tags": [
            "animations",
            "cartoons"
        ]
    },
    {
        "link": "https://youtube.com/channel/UCuxgEyMeaks7HS5gAw6Tt7w",
        "description": "ILTV Israel News is an independent English-language media company based in Tel Aviv, Israel that provides daily Israel news and entertainment to its viewers. \n\nLaunched in 2015, ILTV Israel news is committed to producing high quality content in a broad array of subjects, from reporting news and current events to programming which highlights technology, art and entertainment, sports and culture from the state of Israel.\n\nIn today\u2019s media, biased reporting and anti-Israel agendas are prevalent, as the State of Israel is under relentless attack.\nFrom the \u201cspinning\u201d of unfolding political events in order to display Israel in a negative light, to the misrepresenting facts, media outlets are providing the fuel which shapes negative public opinion and contributes to the Delegitimization of the State of Israel.\n\nt.me/ILTVnews\n\nIsrael News\nIsrael and Middle East updates\nIsrael live update",
        "author": null,
        "album": null,
        "bookmarked": true,
        "date_dead_since": null,
        "date_published": "2015-11-01T23:44:48",
        "language": null,
        "manual_status_code": 0,
        "page_rating": 35,
        "page_rating_contents": 90,
        "page_rating_votes": 5,
        "page_rating_visits": 2,
        "permanent": false,
        "source_url": "",
        "status_code": 200,
        "thumbnail": "https://yt3.googleusercontent.com/lWOMC0mE8faqzTyCqXMbtWrv1KDgkUKcWgPWWAEuxvHMy4GISYPfzVTJ6QnboYCoGPf101rOcQ=s900-c-k-c0x00ffffff-no-rj",
        "title": "ILTV Israel News",
        "age": null,
        "id": 1750885,
        "thumbs_up": null,
        "thumbs_down": null,
        "view_count": null,
        "rating": null,
        "upvote_ratio": null,
        "upvote_diff": null,
        "upvote_view_ratio": null,
        "stars": null,
        "followers_count": 779000,
        "tags": [
            "israel news"
        ]
    },
    {
        "link": "https://youtube.com/channel/UC24cdDLzkNJf2_CNNzdI-UQ",
        "description": "Israel news from the heart of Jerusalem! Get the real story behind Israel and the Jewish world\u2014without media spin. \nJNS is the most trusted pro-Israel news source on YouTube serving a global audience with bold reporting, insider access and the most thought-provoking journalists across Israel and the diaspora. We are currently syndicated by major outlets like Newsmax, New York Post, The National Post and 90+ others.",
        "author": null,
        "album": null,
        "bookmarked": true,
        "date_dead_since": null,
        "date_published": "2014-12-02T22:04:26",
        "language": null,
        "manual_status_code": 0,
        "page_rating": 34,
        "page_rating_contents": 90,
        "page_rating_votes": 3,
        "page_rating_visits": 2,
        "permanent": false,
        "source_url": "",
        "status_code": 200,
        "thumbnail": "https://yt3.googleusercontent.com/uF9a5TK8Z7WbdBUn2a5RkHfwgVpTNzgK-E-iAMbQzey8Wr9XTJshoiqwDQ7iTLVzzR8B5tYx=s900-c-k-c0x00ffffff-no-rj",
        "title": "JNS TV",
        "age": null,
        "id": 1750887,
        "thumbs_up": null,
        "thumbs_down": null,
        "view_count": null,
        "rating": null,
        "upvote_ratio": null,
        "upvote_diff": null,
        "upvote_view_ratio": null,
        "stars": null,
        "followers_count": 315000,
        "tags": [
            "israel news"
        ]
    },
    {
        "link": "https://youtube.com/channel/UC_gUM8rL-Lrg6O3adPW9K1g",
        "description": "WION -The World is One News, examines global issues with in-depth analysis. We provide much more than the news of the day. Our aim to empower people to explore their world. With our Global headquarters in New Delhi, we bring you news on the hour, by the hour. We deliver information that is not biased. We are journalists who are neutral to the core and non-partisan when it comes to the politics of the world. People are tired of biased reportage and we stand for a globalised united world. So for us the World is truly One.",
        "author": null,
        "album": null,
        "bookmarked": true,
        "date_dead_since": null,
        "date_published": "2016-05-19T14:55:08",
        "language": null,
        "manual_status_code": 0,
        "page_rating": 34,
        "page_rating_contents": 90,
        "page_rating_votes": 3,
        "page_rating_visits": 2,
        "permanent": false,
        "source_url": "",
        "status_code": 200,
        "thumbnail": "https://yt3.googleusercontent.com/evxeFzRem76hjPRh_S_B5MvjNhl4yKjSrIzmvwFx3nyEWHBOPHA4jTum6Yys3HRR0IvYmWud=s900-c-k-c0x00ffffff-no-rj",
        "title": "WION",
        "age": null,
        "id": 1750888,
        "thumbs_up": null,
        "thumbs_down": null,
        "view_count": null,
        "rating": null,
        "upvote_ratio": null,
        "upvote_diff": null,
        "upvote_view_ratio": null,
        "stars": null,
        "followers_count": 10300000,
        "tags": [
            "news",
            "politics"
        ]
    },
    {
        "link": "https://youtube.com/channel/UC7fWeaHhqgM4Ry-RMpM2YYw",
        "description": "At TRT World we're building a global community focused around change. We\u2019re looking beyond the headlines to drive meaningful conversations that empower. We want to connect people across the globe to issues that matter. We explore the reality behind the hashtags and the people behind the statistics. We will seek to unpack the issues behind each story.\n\nBy placing the human at the heart of each story we hope to promote a global conscience that provokes moral reactions - revealing a deeper understanding of the diversity of the lives around us.\n\nSubscribe to our channel for all our latest in-depth, on the ground reporting from around the world.",
        "author": null,
        "album": null,
        "bookmarked": true,
        "date_dead_since": null,
        "date_published": "2015-03-17T08:53:02",
        "language": null,
        "manual_status_code": 0,
        "page_rating": 34,
        "page_rating_contents": 90,
        "page_rating_votes": 3,
        "page_rating_visits": 1,
        "permanent": false,
        "source_url": "",
        "status_code": 200,
        "thumbnail": "https://yt3.googleusercontent.com/luLQWmGFG4iDC1U_2JlzZ1mquci_sUdfZfFl4eWgBkDpW6tvZT0MEA4c4JebJdi9hCo518q1=s900-c-k-c0x00ffffff-no-rj",
        "title": "TRT World",
        "age": null,
        "id": 1750893,
        "thumbs_up": null,
        "thumbs_down": null,
        "view_count": null,
        "rating": null,
        "upvote_ratio": null,
        "upvote_diff": null,
        "upvote_view_ratio": null,
        "stars": null,
        "followers_count": 10100000,
        "tags": [
            "actovism",
            "social justice"
        ]
    },
    {
        "link": "https://youtube.com/channel/UC2EJXBsWR_5BTCy6R4kIO3A",
        "description": "Qatar Television ( Qatar TV ) :\n\nThis is the official channel of Qatar Television ( Qatar TV ) on YouTube\n\nHere you will find the programs and series shown on Qatar Television\n\nYou can also follow all the shows on Qatar TV's official website\n\nwww.qtv.qa\n\nFollow us ....with warm regards\n\n\n\u0627\u0644\u0642\u0646\u0627\u0629 \u0627\u0644\u0631\u0633\u0645\u064a\u0629 \u0644\u0640 \u062a\u0644\u0641\u0632\u064a\u0648\u0646 \u0642\u0637\u0631 \u0639\u0644\u0649 \u064a\u0648\u062a\u064a\u0648\u0628\n\n\n\u064a\u0645\u0643\u0646\u0643\u0645 \u0645\u062a\u0627\u0628\u0639\u0629 \u062c\u0645\u064a\u0639 \u062d\u0644\u0642\u0627\u062a \u0627\u0644\u0628\u0631\u0627\u0645\u062c \u0648\u0627\u0644\u0645\u0633\u0644\u0633\u0644\u0627\u062a \u0627\u0644\u0645\u0639\u0631\u0648\u0636\u0629 \u0623\u0648 \u0627\u0644\u062a\u064a \u0639\u0631\u0636\u062a \u0639\u0644\u0649 \u062a\u0644\u0641\u0632\u064a\u0648\u0646 \u0642\u0637\u0631 \u060c \u0648\u0630\u0644\u0643 \u0639\u0628\u0631 \u0627\u0644\u0645\u0648\u0642\u0639 \u0627\u0644\u0627\u0644\u0643\u062a\u0631\u0648\u0646\u064a \u0627\u0644\u0631\u0633\u0645\u064a\n\nwww.qtv.qa\n\n\u062a\u0627\u0628\u0639\u0646\u0627 ... \u0648\u0641\u0644\u0643 \u0637\u064a\u0628",
        "author": null,
        "album": null,
        "bookmarked": true,
        "date_dead_since": null,
        "date_published": "2012-12-17T15:26:11",
        "language": null,
        "manual_status_code": 0,
        "page_rating": 32,
        "page_rating_contents": 90,
        "page_rating_votes": 1,
        "page_rating_visits": 2,
        "permanent": false,
        "source_url": "",
        "status_code": 200,
        "thumbnail": "https://yt3.googleusercontent.com/pcLGQIWlrO000zyC8SEZzOmm3iZmDAmMQSNRTG28toSt9p-QX88NuiEc4GCmfXk8EwH3twcb=s900-c-k-c0x00ffffff-no-rj",
        "title": "Qatar Television \u062a\u0644\u0641\u0632\u064a\u0648\u0646 \u0642\u0637\u0631",
        "age": null,
        "id": 1750894,
        "thumbs_up": null,
        "thumbs_down": null,
        "view_count": null,
        "rating": null,
        "upvote_ratio": null,
        "upvote_diff": null,
        "upvote_view_ratio": null,
        "stars": null,
        "followers_count": 1380000,
        "tags": [
            "qatar",
            "tv station"
        ]
    },
    {
        "link": "https://youtube.com/channel/UCfyulcK9tP84epquAb460UQ",
        "description": "Santhosh George Kulangara, the globetrotter, started his solo journeys outside India in 1997. The wonderful experiences and splendid sights of those journeys were telecast by Asianet as \u2018Sancharam\u2019, a realistic visual travelogue. The direction, camera and editing of Sancharam are done by Santhosh George Kulangara himself.\n\n            The viewers, who have always been fond of travel and knowledge, welcomed \u2018Sancharam\u2019 with great exuberance.  In his turn, Santhosh George went about capturing in his camera the sights of the various lands, which the viewers haven\u2019t seen and presented before them the diversity of the world, as they longed to see. After 16 years since he had started globetrotting, \u2018Sancharam\u2019 has turned out to be an exclusive, round-the-clock exploration channel, Safari TV. Thus, Safari has a unique history of transforming itself from a half-an-hour travelogue programme telecast once in a week into a 24 X 7 television channel.\n\nNow Sancharam is the prime programme of Safari",
        "author": null,
        "album": null,
        "bookmarked": true,
        "date_dead_since": null,
        "date_published": "2013-10-26T18:43:18",
        "language": null,
        "manual_status_code": 0,
        "page_rating": 32,
        "page_rating_contents": 90,
        "page_rating_votes": 1,
        "page_rating_visits": 5,
        "permanent": false,
        "source_url": "",
        "status_code": 200,
        "thumbnail": "https://yt3.googleusercontent.com/ytc/AIdro_lUi_KZbnNr0IYcDoE-QXkcEwJHWNGcbce203fylbwYe90=s900-c-k-c0x00ffffff-no-rj",
        "title": "Safari",
        "age": null,
        "id": 1750895,
        "thumbs_up": null,
        "thumbs_down": null,
        "view_count": null,
        "rating": null,
        "upvote_ratio": null,
        "upvote_diff": null,
        "upvote_view_ratio": null,
        "stars": null,
        "followers_count": 3120000,
        "tags": [
            "safari"
        ]
    },
    {
        "link": "https://xikipedia.org",
        "description": "Wikipedia you can doomscroll",
        "author": "rebane2001",
        "album": "",
        "bookmarked": false,
        "date_dead_since": null,
        "date_published": "2026-02-02T01:12:19",
        "language": "en-us",
        "manual_status_code": 0,
        "page_rating": 36,
        "page_rating_contents": 100,
        "page_rating_votes": 1,
        "page_rating_visits": 1,
        "permanent": false,
        "source_url": "https://hnrss.org/frontpage",
        "status_code": 200,
        "thumbnail": null,
        "title": "Xikipedia",
        "age": null,
        "id": 1751040,
        "tags": [
            "wikipedia"
        ]
    },
    {
        "link": "https://youtube.com/channel/UCoq2qlWgvvKJzW_hBkLIE8w",
        "description": "Where spicy grooves and tasty food set the mood \ud83c\udf08\n\nHi, we're Amii and Jimmi, two slow travel DJ's catching as many flavours as possible on our trip. We travel with our two cats Franky and Josy in our cozy camper.\n\nOnce a month we publish a new house music mix from a different location and he next mix will premiere on the 10th of December at 8pm CEST. \n\nDiscover our store: https://flavourtrip.com\n\nFeel free to support us directly on Patreon and get access to exclusive bonus content. We're a community of 300 Patrons so far and we would love to get to know you too! https://patreon.com/flavourtrip",
        "author": null,
        "album": null,
        "bookmarked": true,
        "date_dead_since": null,
        "date_published": "2022-09-05T11:43:42",
        "language": null,
        "manual_status_code": 0,
        "page_rating": 34,
        "page_rating_contents": 90,
        "page_rating_votes": 3,
        "page_rating_visits": 1,
        "permanent": false,
        "source_url": "",
        "status_code": 200,
        "thumbnail": "https://yt3.googleusercontent.com/by9Fh1prHd_mmc52XM3nscTy2U7qssX0D3sE4w2e6OQAIlEz3wE3MRFImIk9L-xoWtSSYmgkQg=s900-c-k-c0x00ffffff-no-rj",
        "title": "Flavour Trip",
        "age": null,
        "id": 1751094,
        "thumbs_up": null,
        "thumbs_down": null,
        "view_count": null,
        "rating": null,
        "upvote_ratio": null,
        "upvote_diff": null,
        "upvote_view_ratio": null,
        "stars": null,
        "followers_count": 816000,
        "tags": [
            "music"
        ]
    },
    {
        "link": "https://wikitok.io",
        "description": null,
        "author": null,
        "album": null,
        "bookmarked": false,
        "date_dead_since": null,
        "date_published": "2026-02-02T07:41:37",
        "language": "en",
        "manual_status_code": 0,
        "page_rating": 36,
        "page_rating_contents": 100,
        "page_rating_votes": 1,
        "page_rating_visits": 2,
        "permanent": false,
        "source_url": "",
        "status_code": 200,
        "thumbnail": "https://wikitok.io/favicon.svg",
        "title": "WikiTok",
        "age": null,
        "id": 1751119,
        "tags": [
            "wikipedia"
        ]
    },
    {
        "link": "https://uncyclopedia.co",
        "description": "Uncyclopedia: The fair and balanced, highly accurate, content-free encyclopedia that anyone can edit. Accept no substitute!",
        "author": null,
        "album": null,
        "bookmarked": false,
        "date_dead_since": null,
        "date_published": "2025-12-26T12:34:20",
        "language": "en",
        "manual_status_code": 0,
        "page_rating": 36,
        "page_rating_contents": 100,
        "page_rating_votes": 1,
        "page_rating_visits": 2,
        "permanent": false,
        "source_url": "",
        "status_code": 200,
        "thumbnail": "https://images.uncyclomedia.co/uncyclopedia/en/6/64/Favicon.ico",
        "title": "Uncyclopedia",
        "age": null,
        "id": 1751136,
        "tags": [
            "wikipedia"
        ]
    },
    {
        "link": "https://youtube.com/channel/UCfzh7Y26wtYpOd4VXHqfdVw",
        "description": "Welcome\u00a0to Filmbilder & Friends! Subscribe now for mind-blowing independent films! We\u00a0are a studio in Stuttgart, Germany, with an enormous passion for the art of short\u00a0animation. In this\u00a0channel, we show our own productions as well as the works of\u00a0the artists we admire most.\u00a0\u00a0Please\u00a0follow our ever-expanding selection of creative, emotional, intense, funny, sad,\u00a0sweet and edgy sensations! Some films are family friendly, some are made\u00a0for mature audiences. Please check the labels on the playlists to make the right choice for you! A new film will be posted on the 13th\u00a0of every\u00a0month. \u2013 Be surprised and have fun!",
        "author": null,
        "album": null,
        "bookmarked": true,
        "date_dead_since": null,
        "date_published": "2007-06-11T13:28:48",
        "language": null,
        "manual_status_code": 0,
        "page_rating": 41,
        "page_rating_contents": 90,
        "page_rating_votes": 15,
        "page_rating_visits": 1,
        "permanent": false,
        "source_url": "",
        "status_code": 200,
        "thumbnail": "https://yt3.googleusercontent.com/ytc/AIdro_nhHsKCBFC9Ga_vDh5lkqUVBbEHXr1SdEZS0oQTecZU7w=s900-c-k-c0x00ffffff-no-rj",
        "title": "Filmbilder & Friends",
        "age": null,
        "id": 1751172,
        "thumbs_up": null,
        "thumbs_down": null,
        "view_count": null,
        "rating": null,
        "upvote_ratio": null,
        "upvote_diff": null,
        "upvote_view_ratio": null,
        "stars": null,
        "followers_count": 1960000,
        "tags": [
            "indie movies",
            "movies"
        ]
    },
    {
        "link": "https://youtube.com/channel/UCpQLC-evmUAon9BBpcW4kYg",
        "description": "Welcome to my channel, I'm a UK based freelance animator & illustrator. Feel free to get in touch for professional commissions via here or my website. \n\nMy animations are created mainly using After Effects, Clip Paint, Photoshop and Cinema 4D.",
        "author": null,
        "album": null,
        "bookmarked": true,
        "date_dead_since": null,
        "date_published": "2011-08-15T21:57:38",
        "language": null,
        "manual_status_code": 0,
        "page_rating": 41,
        "page_rating_contents": 90,
        "page_rating_votes": 15,
        "page_rating_visits": 2,
        "permanent": false,
        "source_url": "",
        "status_code": 200,
        "thumbnail": "https://yt3.googleusercontent.com/ytc/AIdro_miKmb89rERFj1lwkCnn7IY7bazxfNuAApGexoZFNI-v-0=s900-c-k-c0x00ffffff-no-rj",
        "title": "Steve Cutts",
        "age": null,
        "id": 1751174,
        "thumbs_up": null,
        "thumbs_down": null,
        "view_count": null,
        "rating": null,
        "upvote_ratio": null,
        "upvote_diff": null,
        "upvote_view_ratio": null,
        "stars": null,
        "followers_count": 2000000,
        "tags": [
            "animation",
            "art",
            "cartoons",
            "indie movies"
        ]
    },
    {
        "link": "https://youtube.com/channel/UC3M7l8ved_rYQ45AVzS0RGA",
        "description": "\u201cJimmy Dore is outrageous and outraged, bothersome and bothered. A crucial, profane, passionate voice for progressives and free-thinkers in 21st century America. Jimmy will anger you if you're a conservative and enrage you if you're a liberal.\u201d\u2014Patton Oswalt\n\nBecome a Premium Member: https://www.jimmydore.com/premium-membership\nLive Show: https://www.jimmydore.com/tour \nNewsletter: https://mailchi.mp/jimmydorecomedy/ytlivestreams\n \nSHOW ANNOUNCEMENTS: \nEmail:  https://mailchi.mp/jimmydorecomedy/ytlivestreams\nTwitter: https://twitter.com/jimmy_dore\nFacebook:  https://www.facebook.com/JimmyDoreShow\nInstagram: https://www.instagram.com/thejimmydoreshow\n \nWATCH / LISTEN:\nVideos: https://www.jimmydore.com\nPodcasts: https://www.jimmydore.com (Also available on iTunes, Apple Podcasts, Spotify, Google Podcasts)\n\nSUPPORT:\nMake a Donation: https://www.jimmydore.com/\nBuy Official Merch:  https://thejimmydoreshow.dashery.com/\nhttps://dobynsfamilycreations.com/collections/the-jimmy-dore-show-store",
        "author": null,
        "album": null,
        "bookmarked": true,
        "date_dead_since": null,
        "date_published": "2011-05-19T03:58:05",
        "language": null,
        "manual_status_code": 0,
        "page_rating": 34,
        "page_rating_contents": 90,
        "page_rating_votes": 3,
        "page_rating_visits": 2,
        "permanent": false,
        "source_url": "",
        "status_code": 200,
        "thumbnail": "https://yt3.googleusercontent.com/CD4evsqBHcGlSqlfm6zQYd91OIBH51zc50zsDjpw-MmmyQcP_Ld4KPqGBmKslbkdpHeptsuRMgg=s900-c-k-c0x00ffffff-no-rj",
        "title": "The Jimmy Dore Show",
        "age": null,
        "id": 1751403,
        "thumbs_up": null,
        "thumbs_down": null,
        "view_count": null,
        "rating": null,
        "upvote_ratio": null,
        "upvote_diff": null,
        "upvote_view_ratio": null,
        "stars": null,
        "followers_count": 1770000,
        "tags": [
            "conspiracy theories",
            "news",
            "politics"
        ]
    },
    {
        "link": "https://boardgamearena.com",
        "description": "The world's #1 platform for playing board games online. Play hundreds of board games from your browser for free.",
        "author": null,
        "album": null,
        "bookmarked": false,
        "date_dead_since": null,
        "date_published": "2026-02-04T09:31:05.980774",
        "language": "en",
        "manual_status_code": 0,
        "page_rating": 34,
        "page_rating_contents": 95,
        "page_rating_votes": 1,
        "page_rating_visits": 3,
        "permanent": false,
        "source_url": "",
        "status_code": 200,
        "thumbnail": "https://x.boardgamearena.net/data/themereleases/260129-1046/img/favicon/android-icon-192x192.png?2",
        "title": "Play board games online from your browser",
        "age": null,
        "id": 1751406,
        "tags": [
            "board games"
        ]
    },
    {
        "link": "https://youtube.com/channel/UCdcemy56JtVTrsFIOoqvV8g",
        "description": "I'm a partially deaf musician from Toronto working with lots of different genres and instruments. Created Transit 2 in collaboration with Baby Audio, which won Best Plugin of 2025 from Sound On Sound, as well as the iOS and Android music making app Flip Sampler. I have an online music production class, a book called Make Your Own Rules, and 40+ albums out which you can find at the links below.",
        "author": null,
        "album": null,
        "bookmarked": true,
        "date_dead_since": null,
        "date_published": "2006-10-20T00:07:49",
        "language": null,
        "manual_status_code": 0,
        "page_rating": 35,
        "page_rating_contents": 90,
        "page_rating_votes": 5,
        "page_rating_visits": 1,
        "permanent": false,
        "source_url": "",
        "status_code": 200,
        "thumbnail": "https://yt3.googleusercontent.com/8VhsecmeTYTcNrXSHEYA4H5BU5GgDnekDyOMg9-nYjXWz8bh2WqErb2B6zJfR4s_epNpQMV1vw=s900-c-k-c0x00ffffff-no-rj",
        "title": "ANDREW HUANG",
        "age": null,
        "id": 1751522,
        "tags": [
            "music artist"
        ]
    },
    {
        "link": "https://viayoo.com",
        "description": null,
        "author": null,
        "album": null,
        "bookmarked": false,
        "date_dead_since": null,
        "date_published": "2022-04-22T21:50:29",
        "language": null,
        "manual_status_code": 0,
        "page_rating": 36,
        "page_rating_contents": 100,
        "page_rating_votes": 1,
        "page_rating_visits": 1,
        "permanent": false,
        "source_url": "",
        "status_code": 200,
        "thumbnail": null,
        "title": null,
        "age": null,
        "id": 1751650,
        "tags": [
            "web browser"
        ]
    },
    {
        "link": "https://aircrack-ng.org",
        "description": null,
        "author": null,
        "album": null,
        "bookmarked": false,
        "date_dead_since": null,
        "date_published": "2026-02-05T21:20:07.918558",
        "language": null,
        "manual_status_code": 0,
        "page_rating": 36,
        "page_rating_contents": 100,
        "page_rating_votes": 1,
        "page_rating_visits": 2,
        "permanent": false,
        "source_url": "",
        "status_code": 200,
        "thumbnail": "https://aircrack-ng.org/resources/favicon.ico",
        "title": "Aircrack-ng",
        "age": null,
        "id": 1751776,
        "tags": [
            "cybersecurity",
            "hacking"
        ]
    },
    {
        "link": "https://youtube.com/channel/UChLN0bJgq6d15OK2HVB4YTg",
        "description": "Welcome to SIS vs BRO! This is where Karina and Ronald join forces to challenge each other in countless fun videos! Challenges, gaming, and more!!! Be sure to SUBSCRIBE and we will see you in the next video!!!\n\nSIS vs BRO instagram @ sisvsbro_karina_ronald\nKarina has a new instagram @ kurzawa_karina\nRonald's new instagram @ ronaldkurzawa\n\nOur shirts: https://www.sisvsbro.com\nFacebook: https://www.facebook.com/sisvsbrother/\n\nComment under Facebook videos or Instagram posts!!!\n\nBusiness inquiries email: sisvsbro.karina.ronald@gmail.com",
        "author": null,
        "album": null,
        "bookmarked": true,
        "date_dead_since": null,
        "date_published": "2016-03-03T17:06:20",
        "language": null,
        "manual_status_code": 0,
        "page_rating": 29,
        "page_rating_contents": 90,
        "page_rating_votes": 1,
        "page_rating_visits": 1,
        "permanent": false,
        "source_url": "",
        "status_code": 200,
        "thumbnail": "https://yt3.googleusercontent.com/ytc/AIdro_m2gPhq5qI2H_VyenZOuZjTzHtYH8uR-4MCV_9i1lG2C4U=s900-c-k-c0x00ffffff-no-rj",
        "title": "SIS vs BRO",
        "age": null,
        "id": 1751857,
        "thumbs_up": null,
        "thumbs_down": null,
        "view_count": null,
        "rating": null,
        "upvote_ratio": null,
        "upvote_diff": null,
        "upvote_view_ratio": null,
        "stars": null,
        "followers_count": 14600000,
        "tags": []
    },
    {
        "link": "https://youtube.com/channel/UCelMeixAOTs2OQAAi9wU8-g",
        "description": "\u22c6\u25d5\u203f\u25d5\u22c6 \nHi I\u2019m Cookie. \nWelcome to CookieSwirlC: I\u2019m a lifelong collector who loves diving into scary games, haunted stories, and creative art junk journaling. I also love testing out new miniatures, craft kits, and collectibles\u2014 whether they\u2019re spooky, nostalgic, or just plain weird.  Come join the fun!\n\n\ud83c\udf6a TWITER: @cookieswirlc\n\nCookieSwirlC does NOT have a Roblox star code, Facebook, Snapchat , TikTok, or PO Box address ! Be smart and safe online!\n\n_____________________\nVirtual Youtuber Avatar Art by Twitter Artist : @rin7914\nAvatar Rigged by Live2D Twitter : @iron_vertex (@sei_soy & @Zenseikun) \nBanner, logo, intro/outro art: UwU Media",
        "author": null,
        "album": null,
        "bookmarked": true,
        "date_dead_since": null,
        "date_published": "2013-11-03T20:07:44",
        "language": null,
        "manual_status_code": 0,
        "page_rating": 29,
        "page_rating_contents": 90,
        "page_rating_votes": 1,
        "page_rating_visits": 2,
        "permanent": false,
        "source_url": "",
        "status_code": 200,
        "thumbnail": "https://yt3.googleusercontent.com/RiB3oxxIn6Pf6kqpr12mQzGonzLj6dBE0Tn-cNuqMkMYT7mm4FHI9CsnnnK47hBp2mAGmXM-dw=s900-c-k-c0x00ffffff-no-rj",
        "title": "CookieSwirlC",
        "age": null,
        "id": 1751858,
        "thumbs_up": null,
        "thumbs_down": null,
        "view_count": null,
        "rating": null,
        "upvote_ratio": null,
        "upvote_diff": null,
        "upvote_view_ratio": null,
        "stars": null,
        "followers_count": 21400000,
        "tags": []
    },
    {
        "link": "https://youtube.com/channel/UCq55pMyL5QAJ0uayJWWdUUg",
        "description": "Udost\u0119pniaj filmy znajomym, rodzinie i ca\u0142emu \u015bwiatu",
        "author": null,
        "album": null,
        "bookmarked": true,
        "date_dead_since": null,
        "date_published": "2017-05-09T18:45:02",
        "language": null,
        "manual_status_code": 0,
        "page_rating": 32,
        "page_rating_contents": 90,
        "page_rating_votes": 1,
        "page_rating_visits": 1,
        "permanent": false,
        "source_url": "",
        "status_code": 200,
        "thumbnail": "https://yt3.googleusercontent.com/h6krxWIzO65mDukw6rvJcSUwArIJp30RcjuKH7JYXtNxBYYhlD4SRojOxmV_pcL0YolKMTyWE5A=s900-c-k-c0x00ffffff-no-rj",
        "title": "DOPEHOUSE RECORDS",
        "age": null,
        "id": 1751875,
        "tags": [
            "music artist"
        ]
    },
    {
        "link": "https://youtube.com/channel/UCgTeI1JfRGHfCLjJpxf0oVw",
        "description": "I'm King Soda I do Voice Actor and Streamer who does Comedy Skits! Enjoy your time here!\n\nAll relevant links are in my Flowcode",
        "author": null,
        "album": null,
        "bookmarked": true,
        "date_dead_since": null,
        "date_published": "2015-01-26T00:08:26",
        "language": null,
        "manual_status_code": 0,
        "page_rating": 32,
        "page_rating_contents": 90,
        "page_rating_votes": 1,
        "page_rating_visits": 2,
        "permanent": false,
        "source_url": "",
        "status_code": 200,
        "thumbnail": "https://yt3.googleusercontent.com/HIW0l5tUSG7kD12_ezuwyEUhDQ4BPJtIB3l5xoJ0ECCYgDYFTEeUKnJqOEvrPfvZw_i99wF-Kzw=s900-c-k-c0x00ffffff-no-rj",
        "title": "King Soda",
        "age": null,
        "id": 1751884,
        "thumbs_up": null,
        "thumbs_down": null,
        "view_count": null,
        "rating": null,
        "upvote_ratio": null,
        "upvote_diff": null,
        "upvote_view_ratio": null,
        "stars": null,
        "followers_count": 1130000,
        "tags": [
            "scammer"
        ]
    }
]