[
    {
        "link": "https://youtube.com/channel/UCV4xOVpbcV8SdueDCOxLXtQ",
        "description": null,
        "author": null,
        "album": null,
        "bookmarked": true,
        "date_dead_since": null,
        "date_published": "2025-09-15T15:55:02.967785",
        "language": null,
        "manual_status_code": 0,
        "page_rating": 28,
        "page_rating_contents": 86,
        "page_rating_votes": 1,
        "page_rating_visits": 1,
        "permanent": false,
        "source_url": "",
        "status_code": 200,
        "thumbnail": null,
        "title": "Fernanfloo",
        "age": null,
        "id": 1648857,
        "thumbs_up": null,
        "thumbs_down": null,
        "view_count": null,
        "rating": null,
        "upvote_ratio": null,
        "upvote_diff": null,
        "upvote_view_ratio": null,
        "stars": null,
        "followers_count": 49400000,
        "tags": []
    },
    {
        "link": "https://youtube.com/channel/UCo6y9hnRawAqtyWhRhblXqg",
        "description": null,
        "author": null,
        "album": null,
        "bookmarked": true,
        "date_dead_since": null,
        "date_published": "2025-09-15T15:55:08.542642",
        "language": null,
        "manual_status_code": 0,
        "page_rating": 28,
        "page_rating_contents": 86,
        "page_rating_votes": 1,
        "page_rating_visits": 2,
        "permanent": false,
        "source_url": "",
        "status_code": 200,
        "thumbnail": null,
        "title": "Dushyant kukreja",
        "age": null,
        "id": 1648858,
        "thumbs_up": null,
        "thumbs_down": null,
        "view_count": null,
        "rating": null,
        "upvote_ratio": null,
        "upvote_diff": null,
        "upvote_view_ratio": null,
        "stars": null,
        "followers_count": 49200000,
        "tags": []
    },
    {
        "link": "https://youtube.com/channel/UC6gVx_vALsYT-z_u1djJbBQ",
        "description": null,
        "author": null,
        "album": null,
        "bookmarked": true,
        "date_dead_since": null,
        "date_published": "2025-09-15T15:55:12.875261",
        "language": null,
        "manual_status_code": 0,
        "page_rating": 28,
        "page_rating_contents": 86,
        "page_rating_votes": 1,
        "page_rating_visits": 2,
        "permanent": false,
        "source_url": "",
        "status_code": 200,
        "thumbnail": null,
        "title": "BETER B\u00d6C\u00dcK",
        "age": null,
        "id": 1648859,
        "thumbs_up": null,
        "thumbs_down": null,
        "view_count": null,
        "rating": null,
        "upvote_ratio": null,
        "upvote_diff": null,
        "upvote_view_ratio": null,
        "stars": null,
        "followers_count": 52100000,
        "tags": []
    },
    {
        "link": "https://youtube.com/channel/UCKe6w0exI94U-RzqAyoY1VA",
        "description": null,
        "author": null,
        "album": null,
        "bookmarked": true,
        "date_dead_since": null,
        "date_published": "2025-09-15T15:55:20.232634",
        "language": null,
        "manual_status_code": 0,
        "page_rating": 28,
        "page_rating_contents": 86,
        "page_rating_votes": 1,
        "page_rating_visits": 2,
        "permanent": false,
        "source_url": "",
        "status_code": 200,
        "thumbnail": null,
        "title": "Maria Clara & JP",
        "age": null,
        "id": 1648860,
        "thumbs_up": null,
        "thumbs_down": null,
        "view_count": null,
        "rating": null,
        "upvote_ratio": null,
        "upvote_diff": null,
        "upvote_view_ratio": null,
        "stars": null,
        "followers_count": 49100000,
        "tags": []
    },
    {
        "link": "https://youtube.com/channel/UCIPPMRA040LQr5QPyJEbmXA",
        "description": null,
        "author": null,
        "album": null,
        "bookmarked": true,
        "date_dead_since": null,
        "date_published": "2025-09-15T15:55:27.209692",
        "language": null,
        "manual_status_code": 0,
        "page_rating": 28,
        "page_rating_contents": 86,
        "page_rating_votes": 1,
        "page_rating_visits": 2,
        "permanent": false,
        "source_url": "",
        "status_code": 200,
        "thumbnail": null,
        "title": "MrBeast Gaming",
        "age": null,
        "id": 1648861,
        "thumbs_up": null,
        "thumbs_down": null,
        "view_count": null,
        "rating": null,
        "upvote_ratio": null,
        "upvote_diff": null,
        "upvote_view_ratio": null,
        "stars": null,
        "followers_count": 49000000,
        "tags": []
    },
    {
        "link": "https://youtube.com/channel/UCGnjeahCJW1AF34HBmQTJ-Q",
        "description": null,
        "author": null,
        "album": null,
        "bookmarked": true,
        "date_dead_since": null,
        "date_published": "2025-09-15T15:55:32.917451",
        "language": null,
        "manual_status_code": 0,
        "page_rating": 28,
        "page_rating_contents": 86,
        "page_rating_votes": 1,
        "page_rating_visits": 2,
        "permanent": false,
        "source_url": "",
        "status_code": 200,
        "thumbnail": null,
        "title": "shakiraVEVO",
        "age": null,
        "id": 1648862,
        "thumbs_up": null,
        "thumbs_down": null,
        "view_count": null,
        "rating": null,
        "upvote_ratio": null,
        "upvote_diff": null,
        "upvote_view_ratio": null,
        "stars": null,
        "followers_count": 48900000,
        "tags": []
    },
    {
        "link": "https://youtube.com/channel/UC4tS4Q_Cno5JVcIUXxQOOpA",
        "description": null,
        "author": null,
        "album": null,
        "bookmarked": true,
        "date_dead_since": null,
        "date_published": "2025-09-15T15:55:41.287262",
        "language": null,
        "manual_status_code": 0,
        "page_rating": 28,
        "page_rating_contents": 86,
        "page_rating_votes": 1,
        "page_rating_visits": 2,
        "permanent": false,
        "source_url": "",
        "status_code": 200,
        "thumbnail": null,
        "title": "Ricis Official",
        "age": null,
        "id": 1648863,
        "thumbs_up": null,
        "thumbs_down": null,
        "view_count": null,
        "rating": null,
        "upvote_ratio": null,
        "upvote_diff": null,
        "upvote_view_ratio": null,
        "stars": null,
        "followers_count": 48700000,
        "tags": []
    },
    {
        "link": "https://youtube.com/channel/UCj-SWZSE0AmotGSQ3apROHw",
        "description": null,
        "author": null,
        "album": null,
        "bookmarked": true,
        "date_dead_since": null,
        "date_published": "2025-09-15T15:55:48.259064",
        "language": null,
        "manual_status_code": 0,
        "page_rating": 31,
        "page_rating_contents": 86,
        "page_rating_votes": 1,
        "page_rating_visits": 2,
        "permanent": false,
        "source_url": "",
        "status_code": 200,
        "thumbnail": null,
        "title": "PowerKids TV",
        "age": null,
        "id": 1648864,
        "tags": [
            "kid friendly",
            "kids"
        ]
    },
    {
        "link": "https://youtube.com/channel/UCdX5KXiCTPYWYZscfphgQ4g",
        "description": null,
        "author": null,
        "album": null,
        "bookmarked": true,
        "date_dead_since": null,
        "date_published": "2025-09-15T15:55:57.600171",
        "language": null,
        "manual_status_code": 0,
        "page_rating": 28,
        "page_rating_contents": 86,
        "page_rating_votes": 1,
        "page_rating_visits": 2,
        "permanent": false,
        "source_url": "",
        "status_code": 200,
        "thumbnail": null,
        "title": "BeatboxJCOP",
        "age": null,
        "id": 1648865,
        "thumbs_up": null,
        "thumbs_down": null,
        "view_count": null,
        "rating": null,
        "upvote_ratio": null,
        "upvote_diff": null,
        "upvote_view_ratio": null,
        "stars": null,
        "followers_count": 48000000,
        "tags": []
    },
    {
        "link": "https://youtube.com/channel/UCtW7qWjpCZ8zps-Cf2NF26w",
        "description": null,
        "author": null,
        "album": null,
        "bookmarked": true,
        "date_dead_since": null,
        "date_published": "2025-09-15T15:56:03.709448",
        "language": null,
        "manual_status_code": 0,
        "page_rating": 28,
        "page_rating_contents": 86,
        "page_rating_votes": 1,
        "page_rating_visits": 2,
        "permanent": false,
        "source_url": "",
        "status_code": 200,
        "thumbnail": null,
        "title": "Goldmines Gaane Sune Ansune",
        "age": null,
        "id": 1648866,
        "thumbs_up": null,
        "thumbs_down": null,
        "view_count": null,
        "rating": null,
        "upvote_ratio": null,
        "upvote_diff": null,
        "upvote_view_ratio": null,
        "stars": null,
        "followers_count": 47900000,
        "tags": []
    },
    {
        "link": "https://youtube.com/channel/UCY30JRSgfhYXA6i6xX1erWg",
        "description": null,
        "author": null,
        "album": null,
        "bookmarked": true,
        "date_dead_since": null,
        "date_published": "2025-09-15T15:56:08.724991",
        "language": null,
        "manual_status_code": 0,
        "page_rating": 28,
        "page_rating_contents": 86,
        "page_rating_votes": 1,
        "page_rating_visits": 2,
        "permanent": false,
        "source_url": "",
        "status_code": 200,
        "thumbnail": null,
        "title": "Smosh",
        "age": null,
        "id": 1648867,
        "thumbs_up": null,
        "thumbs_down": null,
        "view_count": null,
        "rating": null,
        "upvote_ratio": null,
        "upvote_diff": null,
        "upvote_view_ratio": null,
        "stars": null,
        "followers_count": 26900000,
        "tags": []
    },
    {
        "link": "https://youtube.com/channel/UCJ2ZDzMRgSrxmwphstrm8Ww",
        "description": null,
        "author": null,
        "album": null,
        "bookmarked": true,
        "date_dead_since": null,
        "date_published": "2025-09-15T15:56:13.978303",
        "language": null,
        "manual_status_code": 0,
        "page_rating": 28,
        "page_rating_contents": 86,
        "page_rating_votes": 1,
        "page_rating_visits": 2,
        "permanent": false,
        "source_url": "",
        "status_code": 200,
        "thumbnail": null,
        "title": "Smosh Games",
        "age": null,
        "id": 1648868,
        "thumbs_up": null,
        "thumbs_down": null,
        "view_count": null,
        "rating": null,
        "upvote_ratio": null,
        "upvote_diff": null,
        "upvote_view_ratio": null,
        "stars": null,
        "followers_count": 8240000,
        "tags": []
    },
    {
        "link": "https://youtube.com/channel/UCKEXu8aCjrudFNx2jq9FfQw",
        "description": null,
        "author": null,
        "album": null,
        "bookmarked": true,
        "date_dead_since": null,
        "date_published": "2025-09-15T15:56:21.187453",
        "language": null,
        "manual_status_code": 0,
        "page_rating": 28,
        "page_rating_contents": 86,
        "page_rating_votes": 1,
        "page_rating_visits": 2,
        "permanent": false,
        "source_url": "",
        "status_code": 200,
        "thumbnail": null,
        "title": "FRED",
        "age": null,
        "id": 1648869,
        "thumbs_up": null,
        "thumbs_down": null,
        "view_count": null,
        "rating": null,
        "upvote_ratio": null,
        "upvote_diff": null,
        "upvote_view_ratio": null,
        "stars": null,
        "followers_count": 3030000,
        "tags": []
    },
    {
        "link": "https://youtube.com/channel/UCSAUGyc_xA8uYzaIVG6MESQ",
        "description": null,
        "author": null,
        "album": null,
        "bookmarked": true,
        "date_dead_since": null,
        "date_published": "2025-09-15T15:56:25.570832",
        "language": null,
        "manual_status_code": 0,
        "page_rating": 28,
        "page_rating_contents": 86,
        "page_rating_votes": 1,
        "page_rating_visits": 2,
        "permanent": false,
        "source_url": "",
        "status_code": 200,
        "thumbnail": null,
        "title": "nigahiga",
        "age": null,
        "id": 1648870,
        "thumbs_up": null,
        "thumbs_down": null,
        "view_count": null,
        "rating": null,
        "upvote_ratio": null,
        "upvote_diff": null,
        "upvote_view_ratio": null,
        "stars": null,
        "followers_count": 20800000,
        "tags": []
    },
    {
        "link": "https://youtube.com/channel/UCBR8-60-B28hp2BmDPdntcQ",
        "description": null,
        "author": null,
        "album": null,
        "bookmarked": true,
        "date_dead_since": null,
        "date_published": "2025-09-15T15:56:30.364814",
        "language": null,
        "manual_status_code": 0,
        "page_rating": 53,
        "page_rating_contents": 86,
        "page_rating_votes": 40,
        "page_rating_visits": 2,
        "permanent": false,
        "source_url": "",
        "status_code": 200,
        "thumbnail": null,
        "title": "YouTube",
        "age": null,
        "id": 1648871,
        "thumbs_up": null,
        "thumbs_down": null,
        "view_count": null,
        "rating": null,
        "upvote_ratio": null,
        "upvote_diff": null,
        "upvote_view_ratio": null,
        "stars": null,
        "followers_count": 44000000,
        "tags": []
    },
    {
        "link": "https://reddit.com/r/CryptoMarkets",
        "description": null,
        "author": null,
        "album": null,
        "bookmarked": true,
        "date_dead_since": null,
        "date_published": "2025-09-15T16:05:28.596896",
        "language": "en-US",
        "manual_status_code": 0,
        "page_rating": 50,
        "page_rating_contents": 87,
        "page_rating_votes": 30,
        "page_rating_visits": 2,
        "permanent": false,
        "source_url": "",
        "status_code": 200,
        "thumbnail": null,
        "title": "Reddit - The heart of the internet",
        "age": null,
        "id": 1648872,
        "thumbs_up": null,
        "thumbs_down": null,
        "view_count": null,
        "rating": null,
        "upvote_ratio": null,
        "upvote_diff": null,
        "upvote_view_ratio": null,
        "stars": null,
        "followers_count": 9927285,
        "tags": [
            "crypto"
        ]
    },
    {
        "link": "https://youtube.com/channel/UCcgVECVN4OKV6DH1jLkqmcA",
        "description": null,
        "author": null,
        "album": null,
        "bookmarked": true,
        "date_dead_since": null,
        "date_published": "2025-09-15T16:37:00.224188",
        "language": null,
        "manual_status_code": 0,
        "page_rating": 31,
        "page_rating_contents": 86,
        "page_rating_votes": 1,
        "page_rating_visits": 2,
        "permanent": false,
        "source_url": "",
        "status_code": 200,
        "thumbnail": null,
        "title": "Jake Paul",
        "age": null,
        "id": 1648874,
        "thumbs_up": null,
        "thumbs_down": null,
        "view_count": null,
        "rating": null,
        "upvote_ratio": null,
        "upvote_diff": null,
        "upvote_view_ratio": null,
        "stars": null,
        "followers_count": 20900000,
        "tags": [
            "boxing"
        ]
    },
    {
        "link": "https://youtube.com/channel/UCG8rbF3g2AMX70yOd8vqIZg",
        "description": null,
        "author": null,
        "album": null,
        "bookmarked": true,
        "date_dead_since": null,
        "date_published": "2025-09-15T16:37:42.317825",
        "language": null,
        "manual_status_code": 0,
        "page_rating": 31,
        "page_rating_contents": 86,
        "page_rating_votes": 1,
        "page_rating_visits": 2,
        "permanent": false,
        "source_url": "",
        "status_code": 200,
        "thumbnail": null,
        "title": "Logan Paul",
        "age": null,
        "id": 1648875,
        "thumbs_up": null,
        "thumbs_down": null,
        "view_count": null,
        "rating": null,
        "upvote_ratio": null,
        "upvote_diff": null,
        "upvote_view_ratio": null,
        "stars": null,
        "followers_count": 23600000,
        "tags": [
            "waste of time"
        ]
    },
    {
        "link": "https://youtube.com/channel/UC-eegKVWEgBCa4OzjnK_PtA",
        "description": null,
        "author": null,
        "album": null,
        "bookmarked": true,
        "date_dead_since": null,
        "date_published": "2025-09-16T00:57:48.860743",
        "language": null,
        "manual_status_code": 0,
        "page_rating": 43,
        "page_rating_contents": 86,
        "page_rating_votes": 20,
        "page_rating_visits": 2,
        "permanent": false,
        "source_url": "",
        "status_code": 200,
        "thumbnail": null,
        "title": "TLDR News EU",
        "age": null,
        "id": 1648902,
        "thumbs_up": null,
        "thumbs_down": null,
        "view_count": null,
        "rating": null,
        "upvote_ratio": null,
        "upvote_diff": null,
        "upvote_view_ratio": null,
        "stars": null,
        "followers_count": 1050000,
        "tags": [
            "news"
        ]
    },
    {
        "link": "https://youtube.com/channel/UCo_IB5145EVNcf8hw1Kku7w",
        "description": null,
        "author": null,
        "album": null,
        "bookmarked": true,
        "date_dead_since": null,
        "date_published": "2025-09-16T21:34:57.660715",
        "language": null,
        "manual_status_code": 0,
        "page_rating": 37,
        "page_rating_contents": 86,
        "page_rating_votes": 10,
        "page_rating_visits": 2,
        "permanent": false,
        "source_url": "",
        "status_code": 200,
        "thumbnail": null,
        "title": "The Game Theorists",
        "age": null,
        "id": 1648938,
        "thumbs_up": null,
        "thumbs_down": null,
        "view_count": null,
        "rating": null,
        "upvote_ratio": null,
        "upvote_diff": null,
        "upvote_view_ratio": null,
        "stars": null,
        "followers_count": 19600000,
        "tags": [
            "video games"
        ]
    },
    {
        "link": "https://youtube.com/channel/UCHYoe8kQ-7Gn9ASOlmI0k6Q",
        "description": null,
        "author": null,
        "album": null,
        "bookmarked": true,
        "date_dead_since": null,
        "date_published": "2025-09-16T21:35:02.685406",
        "language": null,
        "manual_status_code": 0,
        "page_rating": 34,
        "page_rating_contents": 86,
        "page_rating_votes": 5,
        "page_rating_visits": 2,
        "permanent": false,
        "source_url": "",
        "status_code": 200,
        "thumbnail": null,
        "title": "The Food Theorists",
        "age": null,
        "id": 1648939,
        "thumbs_up": null,
        "thumbs_down": null,
        "view_count": null,
        "rating": null,
        "upvote_ratio": null,
        "upvote_diff": null,
        "upvote_view_ratio": null,
        "stars": null,
        "followers_count": 5540000,
        "tags": [
            "food"
        ]
    },
    {
        "link": "https://youtube.com/channel/UCd4t3EEUy0LUOM4MTdjpNHA",
        "description": null,
        "author": null,
        "album": null,
        "bookmarked": true,
        "date_dead_since": null,
        "date_published": "2025-09-16T21:35:08.421610",
        "language": null,
        "manual_status_code": 0,
        "page_rating": 36,
        "page_rating_contents": 86,
        "page_rating_votes": 9,
        "page_rating_visits": 2,
        "permanent": false,
        "source_url": "",
        "status_code": 200,
        "thumbnail": null,
        "title": "The Style Theorists",
        "age": null,
        "id": 1648940,
        "thumbs_up": null,
        "thumbs_down": null,
        "view_count": null,
        "rating": null,
        "upvote_ratio": null,
        "upvote_diff": null,
        "upvote_view_ratio": null,
        "stars": null,
        "followers_count": 2800000,
        "tags": [
            "style",
            "women"
        ]
    },
    {
        "link": "https://youtube.com/channel/UCAaegDUlb7doIKo0Rc1F08g",
        "description": null,
        "author": null,
        "album": null,
        "bookmarked": true,
        "date_dead_since": null,
        "date_published": "2025-09-16T21:35:16.615495",
        "language": null,
        "manual_status_code": 0,
        "page_rating": 32,
        "page_rating_contents": 86,
        "page_rating_votes": 8,
        "page_rating_visits": 2,
        "permanent": false,
        "source_url": "",
        "status_code": 200,
        "thumbnail": null,
        "title": "GTLive",
        "age": null,
        "id": 1648941,
        "thumbs_up": null,
        "thumbs_down": null,
        "view_count": null,
        "rating": null,
        "upvote_ratio": null,
        "upvote_diff": null,
        "upvote_view_ratio": null,
        "stars": null,
        "followers_count": 3650000,
        "tags": []
    },
    {
        "link": "https://x.com/nintendoamerica",
        "description": "",
        "author": null,
        "album": null,
        "bookmarked": true,
        "date_dead_since": null,
        "date_published": "2025-09-17T08:34:56",
        "language": "en",
        "manual_status_code": 0,
        "page_rating": 36,
        "page_rating_contents": 93,
        "page_rating_votes": 10,
        "page_rating_visits": 6,
        "permanent": false,
        "source_url": "",
        "status_code": 200,
        "thumbnail": null,
        "title": "X (formerly Twitter)",
        "age": null,
        "id": 1648959,
        "thumbs_up": null,
        "thumbs_down": null,
        "view_count": null,
        "rating": null,
        "upvote_ratio": null,
        "upvote_diff": null,
        "upvote_view_ratio": null,
        "stars": null,
        "followers_count": 14200000,
        "tags": []
    },
    {
        "link": "https://x.com/samsung",
        "description": "",
        "author": null,
        "album": null,
        "bookmarked": true,
        "date_dead_since": null,
        "date_published": "2025-09-17T08:41:05",
        "language": "en",
        "manual_status_code": 0,
        "page_rating": 36,
        "page_rating_contents": 100,
        "page_rating_votes": 1,
        "page_rating_visits": 5,
        "permanent": false,
        "source_url": "",
        "status_code": 200,
        "thumbnail": "https://abs.twimg.com/rweb/ssr/default/v2/og/image.png",
        "title": "Samsung Electronics (@Samsung) / X",
        "age": null,
        "id": 1648962,
        "tags": [
            "company"
        ]
    },
    {
        "link": "https://x.com/barackobama",
        "description": "",
        "author": null,
        "album": null,
        "bookmarked": true,
        "date_dead_since": null,
        "date_published": "2025-09-17T09:02:16",
        "language": "en",
        "manual_status_code": 0,
        "page_rating": 34,
        "page_rating_contents": 94,
        "page_rating_votes": 1,
        "page_rating_visits": 5,
        "permanent": false,
        "source_url": "",
        "status_code": 200,
        "thumbnail": "https://abs.twimg.com/rweb/ssr/default/v2/og/image.png",
        "title": "Barack Obama (@BarackObama) / X",
        "age": null,
        "id": 1648963,
        "tags": [
            "president"
        ]
    },
    {
        "link": "https://x.com/cristiano",
        "description": "",
        "author": null,
        "album": null,
        "bookmarked": true,
        "date_dead_since": null,
        "date_published": "2025-09-17T09:03:12",
        "language": "en",
        "manual_status_code": 0,
        "page_rating": 36,
        "page_rating_contents": 100,
        "page_rating_votes": 1,
        "page_rating_visits": 5,
        "permanent": false,
        "source_url": "",
        "status_code": 200,
        "thumbnail": "https://abs.twimg.com/rweb/ssr/default/v2/og/image.png",
        "title": "Cristiano Ronaldo (@Cristiano) / X",
        "age": null,
        "id": 1648964,
        "tags": [
            "football"
        ]
    },
    {
        "link": "https://x.com/narendramodi",
        "description": "",
        "author": null,
        "album": null,
        "bookmarked": true,
        "date_dead_since": null,
        "date_published": "2025-09-17T09:04:21",
        "language": "in",
        "manual_status_code": 0,
        "page_rating": 33,
        "page_rating_contents": 93,
        "page_rating_votes": 1,
        "page_rating_visits": 3,
        "permanent": false,
        "source_url": "",
        "status_code": 200,
        "thumbnail": null,
        "title": "X (formerly Twitter)",
        "age": null,
        "id": 1648965,
        "tags": [
            "president"
        ]
    },
    {
        "link": "https://x.com/justinbieber",
        "description": "",
        "author": null,
        "album": null,
        "bookmarked": true,
        "date_dead_since": null,
        "date_published": "2025-09-17T09:04:33",
        "language": "en",
        "manual_status_code": 0,
        "page_rating": 34,
        "page_rating_contents": 94,
        "page_rating_votes": 1,
        "page_rating_visits": 4,
        "permanent": false,
        "source_url": "",
        "status_code": 200,
        "thumbnail": "https://abs.twimg.com/rweb/ssr/default/v2/og/image.png",
        "title": "Justin Bieber (@justinbieber) / X",
        "age": null,
        "id": 1648966,
        "tags": [
            "music artist"
        ]
    },
    {
        "link": "https://x.com/rihanna",
        "description": "",
        "author": null,
        "album": null,
        "bookmarked": true,
        "date_dead_since": null,
        "date_published": "2025-09-17T09:09:01",
        "language": "en",
        "manual_status_code": 0,
        "page_rating": 36,
        "page_rating_contents": 100,
        "page_rating_votes": 1,
        "page_rating_visits": 4,
        "permanent": false,
        "source_url": "",
        "status_code": 200,
        "thumbnail": "https://abs.twimg.com/rweb/ssr/default/v2/og/image.png",
        "title": "Rihanna (@rihanna) / X",
        "age": null,
        "id": 1648967,
        "tags": [
            "music artist"
        ]
    },
    {
        "link": "https://x.com/katyperry",
        "description": "",
        "author": null,
        "album": null,
        "bookmarked": true,
        "date_dead_since": null,
        "date_published": "2025-09-17T09:10:54",
        "language": "en",
        "manual_status_code": 0,
        "page_rating": 36,
        "page_rating_contents": 100,
        "page_rating_votes": 1,
        "page_rating_visits": 4,
        "permanent": false,
        "source_url": "",
        "status_code": 200,
        "thumbnail": "https://abs.twimg.com/rweb/ssr/default/v2/og/image.png",
        "title": "X",
        "age": null,
        "id": 1648968,
        "tags": [
            "music artist"
        ]
    },
    {
        "link": "https://x.com/KimKardashian",
        "description": "",
        "author": null,
        "album": null,
        "bookmarked": true,
        "date_dead_since": null,
        "date_published": "2025-09-17T09:11:47",
        "language": "en",
        "manual_status_code": 0,
        "page_rating": 30,
        "page_rating_contents": 94,
        "page_rating_votes": 1,
        "page_rating_visits": 3,
        "permanent": false,
        "source_url": "",
        "status_code": 200,
        "thumbnail": "https://abs.twimg.com/rweb/ssr/default/v2/og/image.png",
        "title": "Kim Kardashian (@KimKardashian) / X",
        "age": null,
        "id": 1648969,
        "tags": []
    },
    {
        "link": "https://x.com/TheEllenShow",
        "description": "",
        "author": null,
        "album": null,
        "bookmarked": true,
        "date_dead_since": null,
        "date_published": "2025-09-17T09:12:45",
        "language": "en",
        "manual_status_code": 0,
        "page_rating": 30,
        "page_rating_contents": 94,
        "page_rating_votes": 1,
        "page_rating_visits": 4,
        "permanent": false,
        "source_url": "",
        "status_code": 200,
        "thumbnail": "https://abs.twimg.com/rweb/ssr/default/v2/og/image.png",
        "title": "The Ellen Show (@TheEllenShow) / X",
        "age": null,
        "id": 1648970,
        "tags": []
    },
    {
        "link": "https://x.com/selenagomez",
        "description": "",
        "author": null,
        "album": null,
        "bookmarked": true,
        "date_dead_since": null,
        "date_published": "2025-09-17T09:12:57",
        "language": "en",
        "manual_status_code": 0,
        "page_rating": 33,
        "page_rating_contents": 93,
        "page_rating_votes": 1,
        "page_rating_visits": 5,
        "permanent": false,
        "source_url": "",
        "status_code": 200,
        "thumbnail": null,
        "title": "X (formerly Twitter)",
        "age": null,
        "id": 1648971,
        "tags": [
            "music artist"
        ]
    },
    {
        "link": "https://x.com/imVkohli",
        "description": "",
        "author": null,
        "album": null,
        "bookmarked": true,
        "date_dead_since": null,
        "date_published": "2025-09-17T09:14:28",
        "language": "en",
        "manual_status_code": 0,
        "page_rating": 36,
        "page_rating_contents": 100,
        "page_rating_votes": 1,
        "page_rating_visits": 4,
        "permanent": false,
        "source_url": "",
        "status_code": 200,
        "thumbnail": "https://abs.twimg.com/rweb/ssr/default/v2/og/image.png",
        "title": "Virat Kohli (@imVkohli) / X",
        "age": null,
        "id": 1648972,
        "tags": [
            "cricket"
        ]
    },
    {
        "link": "https://x.com/neymarjr",
        "description": "",
        "author": null,
        "album": null,
        "bookmarked": true,
        "date_dead_since": null,
        "date_published": "2025-09-17T09:15:12",
        "language": "en",
        "manual_status_code": 0,
        "page_rating": 36,
        "page_rating_contents": 100,
        "page_rating_votes": 1,
        "page_rating_visits": 4,
        "permanent": false,
        "source_url": "",
        "status_code": 200,
        "thumbnail": "https://abs.twimg.com/rweb/ssr/default/v2/og/image.png",
        "title": "Neymar Jr (@neymarjr) / X",
        "age": null,
        "id": 1648973,
        "tags": [
            "footbal"
        ]
    },
    {
        "link": "https://x.com/CNN",
        "description": "",
        "author": null,
        "album": null,
        "bookmarked": true,
        "date_dead_since": null,
        "date_published": "2025-09-17T09:15:57",
        "language": "en",
        "manual_status_code": 0,
        "page_rating": 36,
        "page_rating_contents": 100,
        "page_rating_votes": 1,
        "page_rating_visits": 5,
        "permanent": false,
        "source_url": "",
        "status_code": 200,
        "thumbnail": "https://abs.twimg.com/rweb/ssr/default/v2/og/image.png",
        "title": "Profil / X",
        "age": null,
        "id": 1648974,
        "tags": [
            "news"
        ]
    },
    {
        "link": "https://x.com/PMOIndia",
        "description": "",
        "author": null,
        "album": null,
        "bookmarked": true,
        "date_dead_since": null,
        "date_published": "2025-09-17T09:16:48",
        "language": "en",
        "manual_status_code": 0,
        "page_rating": 36,
        "page_rating_contents": 100,
        "page_rating_votes": 1,
        "page_rating_visits": 4,
        "permanent": false,
        "source_url": "",
        "status_code": 200,
        "thumbnail": null,
        "title": "X (formerly Twitter)",
        "age": null,
        "id": 1648975,
        "tags": [
            "india"
        ]
    },
    {
        "link": "https://x.com/espn",
        "description": "",
        "author": null,
        "album": null,
        "bookmarked": true,
        "date_dead_since": null,
        "date_published": "2025-09-17T09:17:36",
        "language": "en",
        "manual_status_code": 0,
        "page_rating": 36,
        "page_rating_contents": 100,
        "page_rating_votes": 1,
        "page_rating_visits": 4,
        "permanent": false,
        "source_url": "",
        "status_code": 200,
        "thumbnail": "https://abs.twimg.com/rweb/ssr/default/v2/og/image.png",
        "title": "ESPN (@espn) / X",
        "age": null,
        "id": 1648976,
        "tags": [
            "sport"
        ]
    },
    {
        "link": "https://x.com/britneyspears",
        "description": "",
        "author": null,
        "album": null,
        "bookmarked": true,
        "date_dead_since": null,
        "date_published": "2025-09-17T09:18:29",
        "language": "en",
        "manual_status_code": 0,
        "page_rating": 34,
        "page_rating_contents": 94,
        "page_rating_votes": 1,
        "page_rating_visits": 4,
        "permanent": false,
        "source_url": "",
        "status_code": 200,
        "thumbnail": "https://abs.twimg.com/rweb/ssr/default/v2/og/image.png",
        "title": "Britney Spears \ud83c\udf39\ud83d\ude80 (@britneyspears) / X",
        "age": null,
        "id": 1648977,
        "tags": [
            "music artist"
        ]
    },
    {
        "link": "https://x.com/mrbeast",
        "description": "",
        "author": null,
        "album": null,
        "bookmarked": true,
        "date_dead_since": null,
        "date_published": "2025-09-17T12:00:49",
        "language": "en",
        "manual_status_code": 0,
        "page_rating": 32,
        "page_rating_contents": 100,
        "page_rating_votes": 1,
        "page_rating_visits": 4,
        "permanent": false,
        "source_url": "",
        "status_code": 200,
        "thumbnail": "https://abs.twimg.com/rweb/ssr/default/v2/og/image.png",
        "title": "X",
        "age": null,
        "id": 1648983,
        "tags": []
    },
    {
        "link": "https://x.com/netflix",
        "description": "",
        "author": null,
        "album": null,
        "bookmarked": true,
        "date_dead_since": null,
        "date_published": "2025-09-17T12:01:37",
        "language": "en",
        "manual_status_code": 0,
        "page_rating": 32,
        "page_rating_contents": 100,
        "page_rating_votes": 1,
        "page_rating_visits": 5,
        "permanent": false,
        "source_url": "",
        "status_code": 200,
        "thumbnail": "https://abs.twimg.com/rweb/ssr/default/v2/og/image.png",
        "title": "Netflix (@netflix) / X",
        "age": null,
        "id": 1648984,
        "thumbs_up": null,
        "thumbs_down": null,
        "view_count": null,
        "rating": null,
        "upvote_ratio": null,
        "upvote_diff": null,
        "upvote_view_ratio": null,
        "stars": null,
        "followers_count": 24400000,
        "tags": []
    },
    {
        "link": "https://x.com/fortnite",
        "description": "",
        "author": null,
        "album": null,
        "bookmarked": true,
        "date_dead_since": null,
        "date_published": "2025-09-17T12:02:36",
        "language": "en",
        "manual_status_code": 0,
        "page_rating": 32,
        "page_rating_contents": 100,
        "page_rating_votes": 1,
        "page_rating_visits": 4,
        "permanent": false,
        "source_url": "",
        "status_code": 200,
        "thumbnail": "https://abs.twimg.com/rweb/ssr/default/v2/og/image.png",
        "title": "Fortnite (@Fortnite) / X",
        "age": null,
        "id": 1648985,
        "tags": []
    },
    {
        "link": "https://x.com/pewdiepie",
        "description": "",
        "author": null,
        "album": null,
        "bookmarked": true,
        "date_dead_since": null,
        "date_published": "2025-09-17T12:03:21",
        "language": "en",
        "manual_status_code": 0,
        "page_rating": 32,
        "page_rating_contents": 100,
        "page_rating_votes": 1,
        "page_rating_visits": 5,
        "permanent": false,
        "source_url": "",
        "status_code": 200,
        "thumbnail": "https://abs.twimg.com/rweb/ssr/default/v2/og/image.png",
        "title": "pewdiepie (@pewdiepie) / X",
        "age": null,
        "id": 1648986,
        "thumbs_up": null,
        "thumbs_down": null,
        "view_count": null,
        "rating": null,
        "upvote_ratio": null,
        "upvote_diff": null,
        "upvote_view_ratio": null,
        "stars": null,
        "followers_count": 507000,
        "tags": []
    },
    {
        "link": "https://x.com/natgeo",
        "description": "",
        "author": null,
        "album": null,
        "bookmarked": true,
        "date_dead_since": null,
        "date_published": "2025-09-17T12:04:59",
        "language": "en",
        "manual_status_code": 0,
        "page_rating": 32,
        "page_rating_contents": 100,
        "page_rating_votes": 1,
        "page_rating_visits": 4,
        "permanent": false,
        "source_url": "",
        "status_code": 200,
        "thumbnail": "https://abs.twimg.com/rweb/ssr/default/v2/og/image.png",
        "title": "National Geographic (@NatGeo) / X",
        "age": null,
        "id": 1648989,
        "tags": []
    },
    {
        "link": "https://x.com/sia",
        "description": "",
        "author": null,
        "album": null,
        "bookmarked": true,
        "date_dead_since": null,
        "date_published": "2025-09-17T12:05:45",
        "language": "en",
        "manual_status_code": 0,
        "page_rating": 32,
        "page_rating_contents": 100,
        "page_rating_votes": 1,
        "page_rating_visits": 4,
        "permanent": false,
        "source_url": "",
        "status_code": 200,
        "thumbnail": "https://abs.twimg.com/rweb/ssr/default/v2/og/image.png",
        "title": "sia (@Sia) / X",
        "age": null,
        "id": 1648990,
        "tags": []
    },
    {
        "link": "https://x.com/warhammer",
        "description": "",
        "author": null,
        "album": null,
        "bookmarked": true,
        "date_dead_since": null,
        "date_published": "2025-09-17T12:06:29",
        "language": "en",
        "manual_status_code": 0,
        "page_rating": 32,
        "page_rating_contents": 100,
        "page_rating_votes": 1,
        "page_rating_visits": 5,
        "permanent": false,
        "source_url": "",
        "status_code": 200,
        "thumbnail": "https://abs.twimg.com/rweb/ssr/default/v2/og/image.png",
        "title": "Warhammer Official (@warhammer) / X",
        "age": null,
        "id": 1648991,
        "thumbs_up": null,
        "thumbs_down": null,
        "view_count": null,
        "rating": null,
        "upvote_ratio": null,
        "upvote_diff": null,
        "upvote_view_ratio": null,
        "stars": null,
        "followers_count": 200000,
        "tags": []
    },
    {
        "link": "https://x.com/google",
        "description": "",
        "author": null,
        "album": null,
        "bookmarked": true,
        "date_dead_since": null,
        "date_published": "2025-09-17T12:07:16",
        "language": "en",
        "manual_status_code": 0,
        "page_rating": 32,
        "page_rating_contents": 100,
        "page_rating_votes": 1,
        "page_rating_visits": 5,
        "permanent": false,
        "source_url": "",
        "status_code": 200,
        "thumbnail": "https://abs.twimg.com/rweb/ssr/default/v2/og/image.png",
        "title": "Google (@Google) / X",
        "age": null,
        "id": 1648992,
        "thumbs_up": null,
        "thumbs_down": null,
        "view_count": null,
        "rating": null,
        "upvote_ratio": null,
        "upvote_diff": null,
        "upvote_view_ratio": null,
        "stars": null,
        "followers_count": 32800000,
        "tags": []
    },
    {
        "link": "https://x.com/gorillaz",
        "description": null,
        "author": null,
        "album": null,
        "bookmarked": true,
        "date_dead_since": null,
        "date_published": "2025-09-17T14:24:41.746764",
        "language": "pl",
        "manual_status_code": 0,
        "page_rating": 32,
        "page_rating_contents": 100,
        "page_rating_votes": 1,
        "page_rating_visits": 2,
        "permanent": false,
        "source_url": "",
        "status_code": 200,
        "thumbnail": "https://abs.twimg.com/rweb/ssr/default/v2/og/image.png",
        "title": "gorillaz (@gorillaz) / X",
        "age": null,
        "id": 1648996,
        "tags": []
    },
    {
        "link": "https://x.com/Dave2D",
        "description": null,
        "author": null,
        "album": null,
        "bookmarked": true,
        "date_dead_since": null,
        "date_published": "2025-09-17T16:09:32.053627",
        "language": "pl",
        "manual_status_code": 0,
        "page_rating": 32,
        "page_rating_contents": 100,
        "page_rating_votes": 1,
        "page_rating_visits": 2,
        "permanent": false,
        "source_url": "",
        "status_code": 200,
        "thumbnail": "https://abs.twimg.com/rweb/ssr/default/v2/og/image.png",
        "title": "Dave Lee (@Dave2D) / X",
        "age": null,
        "id": 1649001,
        "tags": []
    },
    {
        "link": "https://youtube.com/channel/UC81jnpmqzFVPDZhJGHsNTVQ",
        "description": null,
        "author": null,
        "album": null,
        "bookmarked": true,
        "date_dead_since": null,
        "date_published": "2025-09-17T19:13:50.097555",
        "language": null,
        "manual_status_code": 0,
        "page_rating": 31,
        "page_rating_contents": 86,
        "page_rating_votes": 1,
        "page_rating_visits": 1,
        "permanent": false,
        "source_url": "",
        "status_code": 200,
        "thumbnail": null,
        "title": "Flyingmeenaboi",
        "age": null,
        "id": 1649007,
        "thumbs_up": null,
        "thumbs_down": null,
        "view_count": null,
        "rating": null,
        "upvote_ratio": null,
        "upvote_diff": null,
        "upvote_view_ratio": null,
        "stars": null,
        "followers_count": 6490000,
        "tags": [
            "parkour",
            "stunts"
        ]
    },
    {
        "link": "https://youtube.com/channel/UCdPui8EYr_sX6q1xNXCRPXg",
        "description": null,
        "author": null,
        "album": null,
        "bookmarked": true,
        "date_dead_since": null,
        "date_published": "2025-09-17T19:15:10.129383",
        "language": null,
        "manual_status_code": 0,
        "page_rating": 37,
        "page_rating_contents": 86,
        "page_rating_votes": 10,
        "page_rating_visits": 2,
        "permanent": false,
        "source_url": "",
        "status_code": 200,
        "thumbnail": null,
        "title": "STORROR",
        "age": null,
        "id": 1649008,
        "thumbs_up": null,
        "thumbs_down": null,
        "view_count": null,
        "rating": null,
        "upvote_ratio": null,
        "upvote_diff": null,
        "upvote_view_ratio": null,
        "stars": null,
        "followers_count": 10900000,
        "tags": [
            "parkour",
            "stunts"
        ]
    },
    {
        "link": "https://youtube.com/channel/UC14UlmYlSNiQCBe9Eookf_A",
        "description": null,
        "author": null,
        "album": null,
        "bookmarked": true,
        "date_dead_since": null,
        "date_published": "2025-09-17T19:35:17.446428",
        "language": null,
        "manual_status_code": 0,
        "page_rating": 31,
        "page_rating_contents": 86,
        "page_rating_votes": 1,
        "page_rating_visits": 2,
        "permanent": false,
        "source_url": "",
        "status_code": 200,
        "thumbnail": null,
        "title": "FC Barcelona",
        "age": null,
        "id": 1649009,
        "thumbs_up": null,
        "thumbs_down": null,
        "view_count": null,
        "rating": null,
        "upvote_ratio": null,
        "upvote_diff": null,
        "upvote_view_ratio": null,
        "stars": null,
        "followers_count": 24100000,
        "tags": [
            "football"
        ]
    },
    {
        "link": "https://youtube.com/channel/UCWV3obpZVGgJ3j9FVhEjF2Q",
        "description": null,
        "author": null,
        "album": null,
        "bookmarked": true,
        "date_dead_since": null,
        "date_published": "2025-09-17T19:35:49.135494",
        "language": null,
        "manual_status_code": 0,
        "page_rating": 31,
        "page_rating_contents": 86,
        "page_rating_votes": 1,
        "page_rating_visits": 2,
        "permanent": false,
        "source_url": "",
        "status_code": 200,
        "thumbnail": null,
        "title": "Real Madrid",
        "age": null,
        "id": 1649010,
        "thumbs_up": null,
        "thumbs_down": null,
        "view_count": null,
        "rating": null,
        "upvote_ratio": null,
        "upvote_diff": null,
        "upvote_view_ratio": null,
        "stars": null,
        "followers_count": 18300000,
        "tags": [
            "football"
        ]
    },
    {
        "link": "https://youtube.com/channel/UC6yW44UGJJBvYTlfC7CRg2Q",
        "description": null,
        "author": null,
        "album": null,
        "bookmarked": true,
        "date_dead_since": null,
        "date_published": "2025-09-17T19:37:07.391329",
        "language": null,
        "manual_status_code": 0,
        "page_rating": 31,
        "page_rating_contents": 86,
        "page_rating_votes": 1,
        "page_rating_visits": 2,
        "permanent": false,
        "source_url": "",
        "status_code": 200,
        "thumbnail": null,
        "title": "Manchester United",
        "age": null,
        "id": 1649011,
        "thumbs_up": null,
        "thumbs_down": null,
        "view_count": null,
        "rating": null,
        "upvote_ratio": null,
        "upvote_diff": null,
        "upvote_view_ratio": null,
        "stars": null,
        "followers_count": 10400000,
        "tags": [
            "football"
        ]
    },
    {
        "link": "https://youtube.com/channel/UCsTcErHg8oDvUnTzoqsYeNw",
        "description": null,
        "author": null,
        "album": null,
        "bookmarked": true,
        "date_dead_since": null,
        "date_published": "2025-09-17T23:05:37.303583",
        "language": null,
        "manual_status_code": 0,
        "page_rating": 37,
        "page_rating_contents": 86,
        "page_rating_votes": 10,
        "page_rating_visits": 2,
        "permanent": false,
        "source_url": "",
        "status_code": 200,
        "thumbnail": null,
        "title": "Unbox Therapy",
        "age": null,
        "id": 1649017,
        "thumbs_up": null,
        "thumbs_down": null,
        "view_count": null,
        "rating": null,
        "upvote_ratio": null,
        "upvote_diff": null,
        "upvote_view_ratio": null,
        "stars": null,
        "followers_count": 24700000,
        "tags": [
            "hardware",
            "reviews",
            "technology"
        ]
    },
    {
        "link": "https://youtube.com/channel/UC_mmaVYaFmlfdxuKb6U69Yw",
        "description": null,
        "author": null,
        "album": null,
        "bookmarked": true,
        "date_dead_since": null,
        "date_published": "2025-09-17T23:08:43.288378",
        "language": null,
        "manual_status_code": 0,
        "page_rating": 34,
        "page_rating_contents": 86,
        "page_rating_votes": 5,
        "page_rating_visits": 2,
        "permanent": false,
        "source_url": "",
        "status_code": 200,
        "thumbnail": null,
        "title": "Speeed",
        "age": null,
        "id": 1649018,
        "thumbs_up": null,
        "thumbs_down": null,
        "view_count": null,
        "rating": null,
        "upvote_ratio": null,
        "upvote_diff": null,
        "upvote_view_ratio": null,
        "stars": null,
        "followers_count": 1710000,
        "tags": [
            "cars"
        ]
    },
    {
        "link": "https://youtube.com/channel/UC_pT_Iz6XjuM-eMTlXghdfw",
        "description": null,
        "author": null,
        "album": null,
        "bookmarked": true,
        "date_dead_since": null,
        "date_published": "2025-09-17T23:08:47.482730",
        "language": null,
        "manual_status_code": 0,
        "page_rating": 34,
        "page_rating_contents": 86,
        "page_rating_votes": 5,
        "page_rating_visits": 2,
        "permanent": false,
        "source_url": "",
        "status_code": 200,
        "thumbnail": null,
        "title": "Max the Meat Guy",
        "age": null,
        "id": 1649019,
        "thumbs_up": null,
        "thumbs_down": null,
        "view_count": null,
        "rating": null,
        "upvote_ratio": null,
        "upvote_diff": null,
        "upvote_view_ratio": null,
        "stars": null,
        "followers_count": 8170000,
        "tags": [
            "food",
            "meat"
        ]
    }
]